2025-11-03 21:33:12.003+0000 INFO  [o.n.g.f.m.GlobalModule] Logging config in use: File '/var/lib/neo4j/conf/server-logs.xml'
2025-11-03 21:33:12.125+0000 WARN  [o.n.k.i.JvmChecker] The max heap memory has not been configured. It is recommended that it is always explicitly configured, to ensure the system has a balanced configuration. Until then, a JVM computed heuristic of 4181721088 bytes is used instead. If you are running neo4j server, you need to configure server.memory.heap.max_size in neo4j.conf. If you are running neo4j embedded, you have to launch the JVM with -Xmx set to a value. You can run neo4j-admin server memory-recommendation for memory configuration suggestions.
2025-11-03 21:33:12.126+0000 WARN  [o.n.k.i.JvmChecker] The initial heap memory has not been configured. It is recommended that it is always explicitly configured, to ensure the system has a balanced configuration. Until then, a JVM computed heuristic of 262144000 bytes is used instead. If you are running neo4j server, you need to configure server.memory.heap.initial_size in neo4j.conf. If you are running neo4j embedded, you have to launch the JVM with -Xms set to a value. You can run neo4j-admin server memory-recommendation for memory configuration suggestions.
2025-11-03 21:33:12.314+0000 INFO  [o.n.i.d.DiagnosticsManager] 
                                                                ********************************************************************************
                                                                                             [ System diagnostics ]                             
                                                                ********************************************************************************
2025-11-03 21:33:12.315+0000 INFO  [o.n.i.d.DiagnosticsManager] 
                                                                --------------------------------------------------------------------------------
                                                                                         [ System memory information ]                          
                                                                --------------------------------------------------------------------------------
                                                                Total Physical memory: 15.58GiB
                                                                Free Physical memory: 11.69GiB
                                                                Committed virtual memory: 7.841GiB
                                                                Total swap space: 4.000GiB
                                                                Free swap space: 4.000GiB
                                                                
2025-11-03 21:33:12.315+0000 INFO  [o.n.i.d.DiagnosticsManager] 
                                                                --------------------------------------------------------------------------------
                                                                                           [ JVM memory information ]                           
                                                                --------------------------------------------------------------------------------
                                                                Free  memory: 72.06MiB
                                                                Total memory: 100.0MiB
                                                                Max   memory: 3.895GiB
                                                                Garbage Collector: G1 Young Generation: [G1 Eden Space, G1 Survivor Space, G1 Old Gen]
                                                                Garbage Collector: G1 Old Generation: [G1 Eden Space, G1 Survivor Space, G1 Old Gen]
                                                                Memory Pool: CodeHeap 'non-nmethods' (Non-heap memory): committed=2.438MiB, used=1.223MiB, max=5.570MiB, threshold=0B
                                                                Memory Pool: Metaspace (Non-heap memory): committed=21.88MiB, used=21.59MiB, max=-1B, threshold=0B
                                                                Memory Pool: CodeHeap 'profiled nmethods' (Non-heap memory): committed=5.688MiB, used=5.682MiB, max=117.2MiB, threshold=0B
                                                                Memory Pool: Compressed Class Space (Non-heap memory): committed=2.438MiB, used=2.334MiB, max=1.000GiB, threshold=0B
                                                                Memory Pool: G1 Eden Space (Heap memory): committed=76.00MiB, used=2.000MiB, max=-1B, threshold=?
                                                                Memory Pool: G1 Old Gen (Heap memory): committed=22.00MiB, used=21.94MiB, max=3.895GiB, threshold=0B
                                                                Memory Pool: G1 Survivor Space (Heap memory): committed=2.000MiB, used=2.000MiB, max=-1B, threshold=?
                                                                Memory Pool: CodeHeap 'non-profiled nmethods' (Non-heap memory): committed=2.438MiB, used=1.879MiB, max=117.2MiB, threshold=0B
                                                                
2025-11-03 21:33:12.315+0000 INFO  [o.n.i.d.DiagnosticsManager] 
                                                                --------------------------------------------------------------------------------
                                                                                        [ Operating system information ]                        
                                                                --------------------------------------------------------------------------------
                                                                Operating System: Linux; version: 6.6.87.2-microsoft-standard-WSL2; arch: amd64; cpus: 12
                                                                Max number of file descriptors: 1048576
                                                                Number of open file descriptors: 233
                                                                Process id: 7
                                                                Byte order: LITTLE_ENDIAN
                                                                Local timezone: Etc/UTC
                                                                Memory page size: 4096
                                                                Unaligned memory access allowed: true
                                                                
2025-11-03 21:33:12.316+0000 INFO  [o.n.i.d.DiagnosticsManager] 
                                                                --------------------------------------------------------------------------------
                                                                                              [ JVM information ]                               
                                                                --------------------------------------------------------------------------------
                                                                VM Name: OpenJDK 64-Bit Server VM
                                                                VM Vendor: Eclipse Adoptium
                                                                VM Version: 17.0.16+8
                                                                JIT compiler: HotSpot 64-Bit Tiered Compilers
                                                                VM Arguments: [-XX:+UseG1GC, -XX:-OmitStackTraceInFastThrow, -XX:+AlwaysPreTouch, -XX:+UnlockExperimentalVMOptions, -XX:+TrustFinalNonStaticFields, -XX:+DisableExplicitGC, -Djdk.nio.maxCachedBufferSize=1024, -Dio.netty.tryReflectionSetAccessible=true, -Djdk.tls.ephemeralDHKeySize=2048, -Djdk.tls.rejectClientInitiatedRenegotiation=true, -XX:FlightRecorderOptions=stackdepth=256, -XX:+UnlockDiagnosticVMOptions, -XX:+DebugNonSafepoints, --add-opens=java.base/java.nio=ALL-UNNAMED, --add-opens=java.base/java.io=ALL-UNNAMED, --add-opens=java.base/sun.nio.ch=ALL-UNNAMED, --enable-native-access=ALL-UNNAMED, -Dlog4j2.disable.jmx=true, -Dlog4j.layout.jsonTemplate.maxStringLength=32768, -Dfile.encoding=UTF-8]
                                                                
2025-11-03 21:33:12.316+0000 INFO  [o.n.i.d.DiagnosticsManager] 
                                                                --------------------------------------------------------------------------------
                                                                                               [ Java classpath ]                               
                                                                --------------------------------------------------------------------------------
                                                                 [classpath] /var/lib/neo4j/lib/neo4j-data-collector-5.26.15.jar
                                                                 [classpath] /var/lib/neo4j/lib/jetty-ee8-webapp-12.0.25.jar
                                                                 [classpath] /var/lib/neo4j/lib/neo4j-import-util-5.26.15.jar
                                                                 [classpath] /var/lib/neo4j/lib/jackson-module-jaxb-annotations-2.18.0.jar
                                                                 [classpath] /var/lib/neo4j/lib/neo4j-cypher-slotted-runtime-5.26.15.jar
                                                                 [classpath] /var/lib/neo4j/lib/neo4j-graphdb-api-5.26.15.jar
                                                                 [classpath] /var/lib/neo4j/lib/jaxb-runtime-2.3.2.jar
                                                                 [classpath] /var/lib/neo4j/lib/antlr4-runtime-4.13.2.jar
                                                                 [classpath] /var/lib/neo4j/lib/cypher-v5-antlr-parser-5.26.15.jar
                                                                 [classpath] /var/lib/neo4j/lib/neo4j-cypher-physical-planning-5.26.15.jar
                                                                 [classpath] /var/lib/neo4j/lib/neo4j-spatial-index-5.26.15.jar
                                                                 [classpath] /var/lib/neo4j/lib/jetty-http2-server-12.0.25.jar
                                                                 [classpath] /var/lib/neo4j/lib/caffeine-3.1.8.jar
                                                                 [classpath] /var/lib/neo4j/lib/magnolia_2.13-1.1.8.jar
                                                                 [classpath] /var/lib/neo4j/lib/scala-library-2.13.11.jar
                                                                 [classpath] /var/lib/neo4j/lib/jetty-server-12.0.25.jar
                                                                 [classpath] /var/lib/neo4j/lib/neo4j-server-5.26.15.jar
                                                                 [classpath] /var/lib/neo4j/lib/commons-compress-1.27.1.jar
                                                                 [classpath] /var/lib/neo4j/lib/cypher-v5-ast-factory-5.26.15.jar
                                                                 [classpath] /var/lib/neo4j/lib/cypher-shell-5.26.15.jar
                                                                 [classpath] /var/lib/neo4j/lib/neo4j-schema-5.26.15.jar
                                                                 [classpath] /var/lib/neo4j/lib/jetty-util-12.0.25.jar
                                                                 [classpath] /var/lib/neo4j/lib/jetty-ee-12.0.25.jar
                                                                 [classpath] /var/lib/neo4j/lib/neo4j-exceptions-5.26.15.jar
                                                                 [classpath] /var/lib/neo4j/lib/neo4j-gql-status-5.26.15.jar
                                                                 [classpath] /var/lib/neo4j/lib/cypher-antlr-ast-common-5.26.15.jar
                                                                 [classpath] /var/lib/neo4j/lib/parquet-jackson-1.15.2.jar
                                                                 [classpath] /var/lib/neo4j/conf/*
                                                                 [classpath] /var/lib/neo4j/lib/WMI4Java-1.6.3.jar
                                                                 [classpath] /var/lib/neo4j/lib/neo4j-resource-5.26.15.jar
                                                                 [classpath] /var/lib/neo4j/lib/jakarta.xml.bind-api-2.3.2.jar
                                                                 [classpath] /var/lib/neo4j/lib/jProcesses-1.6.5.jar
                                                                 [classpath] /var/lib/neo4j/lib/netty-transport-native-epoll-4.1.127.Final-linux-aarch_64.jar
                                                                 [classpath] /var/lib/neo4j/lib/neo4j-rewriting-5.26.15.jar
                                                                 [classpath] /var/lib/neo4j/lib/neo4j-util-5.26.15.jar
                                                                 [classpath] /var/lib/neo4j/lib/neo4j-io-5.26.15.jar
                                                                 [classpath] /var/lib/neo4j/lib/hk2-locator-2.6.1.jar
                                                                 [classpath] /var/lib/neo4j/lib/neo4j-index-5.26.15.jar
                                                                 [classpath] /var/lib/neo4j/lib/netty-codec-http-4.1.127.Final.jar
                                                                 [classpath] /var/lib/neo4j/lib/neo4j-query-router-5.26.15.jar
                                                                 [classpath] /var/lib/neo4j/lib/snappy-java-1.1.10.7.jar
                                                                 [classpath] /var/lib/neo4j/lib/eclipse-collections-api-11.1.0.jar
                                                                 [classpath] /var/lib/neo4j/lib/neo4j-bolt-connection-6.0.2.jar
                                                                 [classpath] /var/lib/neo4j/lib/jansi-2.4.0.jar
                                                                 [classpath] /var/lib/neo4j/lib/neo4j-procedure-api-5.26.15.jar
                                                                 [classpath] /var/lib/neo4j/lib/jline-terminal-3.21.0.jar
                                                                 [classpath] /var/lib/neo4j/lib/ipaddress-5.5.1.jar
                                                                 [classpath] /var/lib/neo4j/lib/jetty-security-12.0.25.jar
                                                                 [classpath] /var/lib/neo4j/lib/lucene-queryparser-9.11.1.jar
                                                                 [classpath] /var/lib/neo4j/lib/neo4j-cypher-planner-spi-5.26.15.jar
                                                                 [classpath] /var/lib/neo4j/lib/shiro-lang-2.0.1.jar
                                                                 [classpath] /var/lib/neo4j/lib/jackson-databind-2.18.0.jar
                                                                 [classpath] /var/lib/neo4j/lib/reactor-core-3.7.12.jar
                                                                 [classpath] /var/lib/neo4j/lib/neo4j-native-5.26.15.jar
                                                                 [classpath] /var/lib/neo4j/lib/cypher-v25-ast-factory-5.26.15.jar
                                                                 [classpath] /var/lib/neo4j/lib/zstd-jni-1.5.6-6.jar
                                                                 [classpath] /var/lib/neo4j/lib/kiama_2.13-2.5.1.jar
                                                                 [classpath] /var/lib/neo4j/lib/jakarta.ws.rs-api-2.1.6.jar
                                                                 [classpath] /var/lib/neo4j/lib/neo4j-import-api-5.26.15.jar
                                                                 [classpath] /var/lib/neo4j/lib/neo4j-cloud-5.26.15.jar
                                                                 [classpath] /var/lib/neo4j/lib/cypher-v25-antlr-parser-5.26.15.jar
                                                                 [classpath] /var/lib/neo4j/lib/neo4j-command-line-5.26.15.jar
                                                                 [classpath] /var/lib/neo4j/lib/neo4j-slf4j-provider-5.26.15.jar
                                                                 [classpath] /var/lib/neo4j/lib/lucene-analysis-common-9.11.1.jar
                                                                 [classpath] /var/lib/neo4j/lib/istack-commons-runtime-3.0.8.jar
                                                                 [classpath] /var/lib/neo4j/lib/jetty-servlet-api-4.0.6.jar
                                                                 [classpath] /var/lib/neo4j/lib/jetty-http-12.0.25.jar
                                                                 [classpath] /var/lib/neo4j/lib/eclipse-collections-11.1.0.jar
                                                                 [classpath] /var/lib/neo4j/lib/neo4j-cypher-ast-factory-5.26.15.jar
                                                                 [classpath] /var/lib/neo4j/lib/commons-text-1.12.0.jar
                                                                 [classpath] /var/lib/neo4j/lib/neo4j-cypher-runtime-util-5.26.15.jar
                                                                 [classpath] /var/lib/neo4j/lib/jetty-ee8-nested-12.0.25.jar
                                                                 [classpath] /var/lib/neo4j/lib/neo4j-cypher-interpreted-runtime-5.26.15.jar
                                                                 [classpath] /var/lib/neo4j/lib/cypher-ast-factory-5.26.15.jar
                                                                 [classpath] /var/lib/neo4j/lib/neo4j-kernel-5.26.15.jar
                                                                 [classpath] /var/lib/neo4j/lib/neo4j-procedure-5.26.15.jar
                                                                 [classpath] /var/lib/neo4j/lib/jakarta.validation-api-2.0.2.jar
                                                                 [classpath] /var/lib/neo4j/lib/picocli-4.7.6.jar
                                                                 [classpath] /var/lib/neo4j/lib/neo4j-cypher-config-5.26.15.jar
                                                                 [classpath] /var/lib/neo4j/lib/jackson-jaxrs-json-provider-2.18.0.jar
                                                                 [classpath] /var/lib/neo4j/lib/cypher-parser-common-5.26.15.jar
                                                                 [classpath] /var/lib/neo4j/lib/hk2-utils-2.6.1.jar
                                                                 [classpath] /var/lib/neo4j/lib/stax-ex-1.8.1.jar
                                                                 [classpath] /var/lib/neo4j/lib/neo4j-csv-5.26.15.jar
                                                                 [classpath] /var/lib/neo4j/lib/jetty-xml-12.0.25.jar
                                                                 [classpath] /var/lib/neo4j/lib/txw2-2.3.2.jar
                                                                 [classpath] /var/lib/neo4j/lib/server-api-5.26.15.jar
                                                                 [classpath] /var/lib/neo4j/lib/log4j-api-2.20.0.jar
                                                                 [classpath] /var/lib/neo4j/lib/commons-io-2.17.0.jar
                                                                 [classpath] /var/lib/neo4j/lib/neo4j-bolt-connection-pooled-6.0.2.jar
                                                                 [classpath] /var/lib/neo4j/lib/neo4j-logging-5.26.15.jar
                                                                 [classpath] /var/lib/neo4j/lib/neo4j-expressions-5.26.15.jar
                                                                 [classpath] /var/lib/neo4j/lib/jetty-ee8-security-12.0.25.jar
                                                                 [classpath] /var/lib/neo4j/lib/argparse4j-0.9.0.jar
                                                                 [classpath] /var/lib/neo4j/lib/log4j-core-2.20.0.jar
                                                                 [classpath] /var/lib/neo4j/lib/neo4j-consistency-check-5.26.15.jar
                                                                 [classpath] /var/lib/neo4j/lib/neo4j-fabric-5.26.15.jar
                                                                 [classpath] /var/lib/neo4j/lib/neo4j-bolt-connection-routed-6.0.2.jar
                                                                 [classpath] /var/lib/neo4j/lib/neo4j-token-api-5.26.15.jar
                                                                 [classpath] /var/lib/neo4j/lib/neo4j-cypher-logical-plans-5.26.15.jar
                                                                 [classpath] /var/lib/neo4j/lib/neo4j-import-tool-5.26.15.jar
                                                                 [classpath] /var/lib/neo4j/lib/neo4j-collections-5.26.15.jar
                                                                 [classpath] /var/lib/neo4j/lib/neo4j-codegen-5.26.15.jar
                                                                 [classpath] /var/lib/neo4j/lib/netty-buffer-4.1.127.Final.jar
                                                                 [classpath] /var/lib/neo4j/lib/neo4j-cypher-cache-5.26.15.jar
                                                                 [classpath] /var/lib/neo4j/lib/neo4j-layout-5.26.15.jar
                                                                 [classpath] /var/lib/neo4j/lib/shiro-crypto-core-2.0.1.jar
                                                                 [classpath] /var/lib/neo4j/lib/lucene-backward-codecs-9.11.1.jar
                                                                 [classpath] /var/lib/neo4j/lib/jetty-session-12.0.25.jar
                                                                 [classpath] /var/lib/neo4j/lib/neo4j-push-to-cloud-5.26.15.jar
                                                                 [classpath] /var/lib/neo4j/lib/netty-transport-native-kqueue-4.1.127.Final-osx-aarch_64.jar
                                                                 [classpath] /var/lib/neo4j/lib/neo4j-values-5.26.15.jar
                                                                 [classpath] /var/lib/neo4j/lib/jackson-annotations-2.18.0.jar
                                                                 [classpath] /var/lib/neo4j/lib/jetty-alpn-server-12.0.25.jar
                                                                 [classpath] /var/lib/neo4j/lib/neo4j-cypher-ir-5.26.15.jar
                                                                 [classpath] /var/lib/neo4j/lib/shiro-cache-2.0.1.jar
                                                                 [classpath] /var/lib/neo4j/lib/neo4j-cypher-5.26.15.jar
                                                                 [classpath] /var/lib/neo4j/lib/scala-collection-contrib_2.13-0.3.0.jar
                                                                 [classpath] /var/lib/neo4j/lib/jersey-container-servlet-2.43.jar
                                                                 [classpath] /var/lib/neo4j/lib/netty-transport-classes-kqueue-4.1.127.Final.jar
                                                                 [classpath] /var/lib/neo4j/lib/neo4j-ast-5.26.15.jar
                                                                 [classpath] /var/lib/neo4j/lib/annotations-5.26.15.jar
                                                                 [classpath] /var/lib/neo4j/lib/commons-codec-1.17.1.jar
                                                                 [classpath] /var/lib/neo4j/lib/neo4j-cypher-planner-5.26.15.jar
                                                                 [classpath] /var/lib/neo4j/lib/cypher-v5-parser-listener-5.26.15.jar
                                                                 [classpath] /var/lib/neo4j/lib/parquet-column-1.15.2.jar
                                                                 [classpath] /var/lib/neo4j/lib/jPowerShell-3.0.jar
                                                                 [classpath] /var/lib/neo4j/lib/parquet-encoding-1.15.2.jar
                                                                 [classpath] /var/lib/neo4j/lib/shiro-hashes-argon2-2.0.1.jar
                                                                 [classpath] /var/lib/neo4j/lib/netty-codec-4.1.127.Final.jar
                                                                 [classpath] /var/lib/neo4j/lib/neo4j-wal-5.26.15.jar
                                                                 [classpath] /var/lib/neo4j/lib/neo4j-cypher-rendering-5.26.15.jar
                                                                 [classpath] /var/lib/neo4j/lib/reactive-streams-1.0.4.jar
                                                                 [classpath] /var/lib/neo4j/lib/parquet-hadoop-1.15.2.jar
                                                                 [classpath] /var/lib/neo4j/lib/cypher-antlr-common-5.26.15.jar
                                                                 [classpath] /var/lib/neo4j/lib/neo4j-ssl-5.26.15.jar
                                                                 [classpath] /var/lib/neo4j/lib/netty-resolver-4.1.127.Final.jar
                                                                 [classpath] /var/lib/neo4j/lib/neo4j-bootcheck-5.26.15.jar
                                                                 [classpath] /var/lib/neo4j/lib/cypher-parser-ast-common-5.26.15.jar
                                                                 [classpath] /var/lib/neo4j/lib/parquet-format-structures-1.15.2.jar
                                                                 [classpath] /var/lib/neo4j/lib/shiro-crypto-hash-2.0.1.jar
                                                                 [classpath] /var/lib/neo4j/lib/neo4j-monitoring-5.26.15.jar
                                                                 [classpath] /var/lib/neo4j/lib/jaxb-api-2.2.12.jar
                                                                 [classpath] /var/lib/neo4j/lib/jetty-io-12.0.25.jar
                                                                 [classpath] /var/lib/neo4j/lib/jersey-container-servlet-core-2.43.jar
                                                                 [classpath] /var/lib/neo4j/lib/neo4j-cypher-dsl-2024.2.0.jar
                                                                 [classpath] /var/lib/neo4j/lib/jersey-client-2.43.jar
                                                                 [classpath] /var/lib/neo4j/lib/neo4j-graph-algo-5.26.15.jar
                                                                 [classpath] /var/lib/neo4j/lib/shiro-core-2.0.1.jar
                                                                 [classpath] /var/lib/neo4j/lib/jersey-server-2.43.jar
                                                                 [classpath] /var/lib/neo4j/lib/javax.annotation-api-1.3.2.jar
                                                                 [classpath] /var/lib/neo4j/lib/jna-5.15.0.jar
                                                                 [classpath] /var/lib/neo4j/lib/neo4j-bolt-connection-netty-6.0.2.jar
                                                                 [classpath] /var/lib/neo4j/lib/neo4j-cypher-macros-5.26.15.jar
                                                                 [classpath] /var/lib/neo4j/lib/neo4j-security-5.26.15.jar
                                                                 [classpath] /var/lib/neo4j/lib/jetty-http2-common-12.0.25.jar
                                                                 [classpath] /var/lib/neo4j/lib/shiro-hashes-bcrypt-2.0.1.jar
                                                                 [classpath] /var/lib/neo4j/lib/neo4j-lucene-index-5.26.15.jar
                                                                 [classpath] /var/lib/neo4j/lib/neo4j-common-5.26.15.jar
                                                                 [classpath] /var/lib/neo4j/lib/neo4j-storage-engine-util-5.26.15.jar
                                                                 [classpath] /var/lib/neo4j/lib/netty-transport-classes-epoll-4.1.127.Final.jar
                                                                 [classpath] /var/lib/neo4j/lib/neo4j-5.26.15.jar
                                                                 [classpath] /var/lib/neo4j/lib/aircompressor-2.0.2.jar
                                                                 [classpath] /var/lib/neo4j/lib/parquet-floor-1.51.jar
                                                                 [classpath] /var/lib/neo4j/lib/netty-tcnative-classes-2.0.73.Final.jar
                                                                 [classpath] /var/lib/neo4j/lib/commons-configuration2-2.11.0.jar
                                                                 [classpath] /var/lib/neo4j/lib/neo4j-browser-ce-2025.8.0.jar
                                                                 [classpath] /var/lib/neo4j/lib/jline-terminal-jansi-3.21.0.jar
                                                                 [classpath] /var/lib/neo4j/lib/netty-transport-4.1.127.Final.jar
                                                                 [classpath] /var/lib/neo4j/lib/hk2-api-2.6.1.jar
                                                                 [classpath] /var/lib/neo4j/lib/shiro-config-core-2.0.1.jar
                                                                 [classpath] /var/lib/neo4j/lib/netty-handler-4.1.127.Final.jar
                                                                 [classpath] /var/lib/neo4j/lib/neo4j-notifications-5.26.15.jar
                                                                 [classpath] /var/lib/neo4j/lib/neo4j-bolt-5.26.15.jar
                                                                 [classpath] /var/lib/neo4j/lib/neo4j-concurrent-5.26.15.jar
                                                                 [classpath] /var/lib/neo4j/lib/neo4j-configuration-5.26.15.jar
                                                                 [classpath] /var/lib/neo4j/lib/shiro-event-2.0.1.jar
                                                                 [classpath] /var/lib/neo4j/lib/neo4j-cypher-javacc-parser-5.26.15.jar
                                                                 [classpath] /var/lib/neo4j/lib/neo4j-kernel-api-5.26.15.jar
                                                                 [classpath] /var/lib/neo4j/lib/commons-logging-1.3.4.jar
                                                                 [classpath] /var/lib/neo4j/lib/jakarta.activation-api-1.2.2.jar
                                                                 [classpath] /var/lib/neo4j/plugins/*
                                                                 [classpath] /var/lib/neo4j/lib/neo4j-cypher-expression-evaluator-5.26.15.jar
                                                                 [classpath] /var/lib/neo4j/lib/neo4j-udc-5.26.15.jar
                                                                 [classpath] /var/lib/neo4j/lib/jettison-1.5.4.jar
                                                                 [classpath] /var/lib/neo4j/lib/jakarta.inject-2.6.1.jar
                                                                 [classpath] /var/lib/neo4j/lib/slf4j-api-2.0.9.jar
                                                                 [classpath] /var/lib/neo4j/lib/jline-reader-3.21.0.jar
                                                                 [classpath] /var/lib/neo4j/lib/FastInfoset-1.2.16.jar
                                                                 [classpath] /var/lib/neo4j/lib/jetty-alpn-java-server-12.0.25.jar
                                                                 [classpath] /var/lib/neo4j/lib/javassist-3.30.2-GA.jar
                                                                 [classpath] /var/lib/neo4j/lib/cypher-parser-factory-5.26.15.jar
                                                                 [classpath] /var/lib/neo4j/lib/netty-common-4.1.127.Final.jar
                                                                 [classpath] /var/lib/neo4j/lib/neo4j-java-driver-5.28.10.jar
                                                                 [classpath] /var/lib/neo4j/lib/neo4j-capabilities-5.26.15.jar
                                                                 [classpath] /var/lib/neo4j/lib/jersey-hk2-2.43.jar
                                                                 [classpath] /var/lib/neo4j/lib/zstd-proxy-5.26.15.jar
                                                                 [classpath] /var/lib/neo4j/lib/netty-transport-native-unix-common-4.1.127.Final.jar
                                                                 [classpath] /var/lib/neo4j/lib/cypher-v25-parser-listener-5.26.15.jar
                                                                 [classpath] /var/lib/neo4j/lib/neo4j-front-end-5.26.15.jar
                                                                 [classpath] /var/lib/neo4j/lib/cypher-v5-literal-interpreter-5.26.15.jar
                                                                 [classpath] /var/lib/neo4j/lib/shiro-crypto-cipher-2.0.1.jar
                                                                 [classpath] /var/lib/neo4j/lib/neo4j-record-storage-engine-5.26.15.jar
                                                                 [classpath] /var/lib/neo4j/lib/neo4j-diagnostics-5.26.15.jar
                                                                 [classpath] /var/lib/neo4j/lib/neo4j-dbms-5.26.15.jar
                                                                 [classpath] /var/lib/neo4j/lib/jetty-http2-hpack-12.0.25.jar
                                                                 [classpath] /var/lib/neo4j/lib/neo4j-lock-5.26.15.jar
                                                                 [classpath] /var/lib/neo4j/lib/parquet-common-1.15.2.jar
                                                                 [classpath] /var/lib/neo4j/lib/commons-lang3-3.18.0.jar
                                                                 [classpath] /var/lib/neo4j/lib/netty-transport-native-kqueue-4.1.127.Final-osx-x86_64.jar
                                                                 [classpath] /var/lib/neo4j/lib/scala-reflect-2.13.11.jar
                                                                 [classpath] /var/lib/neo4j/lib/neo4j-id-generator-5.26.15.jar
                                                                 [classpath] /var/lib/neo4j/lib/jakarta.annotation-api-1.3.5.jar
                                                                 [classpath] /var/lib/neo4j/lib/jctools-core-4.0.5.jar
                                                                 [classpath] /var/lib/neo4j/lib/netty-transport-native-epoll-4.1.127.Final-linux-x86_64.jar
                                                                 [classpath] /var/lib/neo4j/lib/jackson-core-2.18.0.jar
                                                                 [classpath] /var/lib/neo4j/lib/jersey-common-2.43.jar
                                                                 [classpath] /var/lib/neo4j/lib/log4j-layout-template-json-2.20.0.jar
                                                                 [classpath] /var/lib/neo4j/lib/neo4j-unsafe-5.26.15.jar
                                                                 [classpath] /var/lib/neo4j/lib/jetty-ee8-servlet-12.0.25.jar
                                                                 [classpath] /var/lib/neo4j/lib/lucene-core-9.11.1.jar
                                                                 [classpath] /var/lib/neo4j/lib/neo4j-fulltext-index-5.26.15.jar
                                                                 [classpath] /var/lib/neo4j/lib/jackson-jaxrs-base-2.18.0.jar
                                                                
2025-11-03 21:33:12.317+0000 INFO  [o.n.i.d.DiagnosticsManager] 
                                                                --------------------------------------------------------------------------------
                                                                                                [ Library path ]                                
                                                                --------------------------------------------------------------------------------
                                                                /usr/java/packages/lib
                                                                /usr/lib64
                                                                /lib64
                                                                /lib
                                                                /usr/lib
                                                                
2025-11-03 21:33:12.317+0000 INFO  [o.n.i.d.DiagnosticsManager] 
                                                                --------------------------------------------------------------------------------
                                                                                             [ System properties ]                              
                                                                --------------------------------------------------------------------------------
                                                                jdk.tls.rejectClientInitiatedRenegotiation = true
                                                                sun.jnu.encoding = UTF-8
                                                                log4j.layout.jsonTemplate.maxStringLength = 32768
                                                                sun.arch.data.model = 64
                                                                user.timezone = Etc/UTC
                                                                sun.java.launcher = SUN_STANDARD
                                                                sun.boot.library.path = /opt/java/openjdk/lib
                                                                sun.java.command = org.neo4j.server.CommunityEntryPoint --home-dir=/var/lib/neo4j --config-dir=/var/lib/neo4j/conf --console-mode
                                                                jdk.debug = release
                                                                io.netty.tryReflectionSetAccessible = true
                                                                sun.cpu.endian = little
                                                                user.home = /var/lib/neo4j
                                                                user.language = en
                                                                file.separator = /
                                                                jdk.tls.ephemeralDHKeySize = 2048
                                                                sun.management.compiler = HotSpot 64-Bit Tiered Compilers
                                                                user.name = neo4j
                                                                jdk.nio.maxCachedBufferSize = 1024
                                                                path.separator = :
                                                                file.encoding = UTF-8
                                                                jnidispatch.path = /var/lib/neo4j/.cache/JNA/temp/jna234552446675072024.tmp
                                                                jna.loaded = true
                                                                user.dir = /var/lib/neo4j
                                                                native.encoding = UTF-8
                                                                sun.io.unicode.encoding = UnicodeLittle
                                                                log4j2.disable.jmx = true
                                                                
2025-11-03 21:33:12.318+0000 INFO  [o.n.i.d.DiagnosticsManager] 
                                                                --------------------------------------------------------------------------------
                                                                                      [ (IANA) TimeZone database version ]                      
                                                                --------------------------------------------------------------------------------
                                                                  TimeZone version: 2025b (available for 604 zone identifiers)
                                                                
2025-11-03 21:33:12.318+0000 INFO  [o.n.i.d.DiagnosticsManager] 
                                                                --------------------------------------------------------------------------------
                                                                                            [ Network information ]                             
                                                                --------------------------------------------------------------------------------
                                                                Interface eth0:
                                                                    address: 172.21.0.4
                                                                Interface lo:
                                                                    address: 0:0:0:0:0:0:0:1%lo
                                                                    address: 127.0.0.1
                                                                
2025-11-03 21:33:12.318+0000 INFO  [o.n.i.d.DiagnosticsManager] 
                                                                --------------------------------------------------------------------------------
                                                                                         [ Native access information ]                          
                                                                --------------------------------------------------------------------------------
                                                                Native access details: Linux native access is available.
                                                                
2025-11-03 21:33:12.319+0000 INFO  [o.n.i.d.DiagnosticsManager] 
                                                                --------------------------------------------------------------------------------
                                                                                                [ DBMS config ]                                 
                                                                --------------------------------------------------------------------------------
                                                                DBMS provided settings:
                                                                db.tx_log.rotation.retention_policy=2 days 2G
                                                                server.bolt.enabled=true
                                                                server.default_listen_address=0.0.0.0
                                                                server.directories.import=/var/lib/neo4j/import
                                                                server.directories.logs=/logs
                                                                server.directories.neo4j_home=/var/lib/neo4j
                                                                server.http.enabled=true
                                                                server.https.enabled=false
                                                                server.jvm.additional=-XX:+UseG1GC
-XX:-OmitStackTraceInFastThrow
-XX:+AlwaysPreTouch
-XX:+UnlockExperimentalVMOptions
-XX:+TrustFinalNonStaticFields
-XX:+DisableExplicitGC
-Djdk.nio.maxCachedBufferSize=1024
-Dio.netty.tryReflectionSetAccessible=true
-Djdk.tls.ephemeralDHKeySize=2048
-Djdk.tls.rejectClientInitiatedRenegotiation=true
-XX:FlightRecorderOptions=stackdepth=256
-XX:+UnlockDiagnosticVMOptions
-XX:+DebugNonSafepoints
--add-opens=java.base/java.nio=ALL-UNNAMED
--add-opens=java.base/java.io=ALL-UNNAMED
--add-opens=java.base/sun.nio.ch=ALL-UNNAMED
--enable-native-access=ALL-UNNAMED
-Dlog4j2.disable.jmx=true
-Dlog4j.layout.jsonTemplate.maxStringLength=32768
                                                                server.memory.pagecache.size=512.00MiB
                                                                server.windows_service_name=neo4j
                                                                Directories in use:
                                                                server.directories.data=/var/lib/neo4j/data
                                                                server.directories.dumps.root=/var/lib/neo4j/data/dumps
                                                                server.directories.import=/var/lib/neo4j/import
                                                                server.directories.lib=/var/lib/neo4j/lib
                                                                server.directories.licenses=/var/lib/neo4j/licenses
                                                                server.directories.logs=/logs
                                                                server.directories.neo4j_home=/var/lib/neo4j
                                                                server.directories.plugins=/var/lib/neo4j/plugins
                                                                server.directories.run=/var/lib/neo4j/run
                                                                server.directories.script.root=/var/lib/neo4j/data/scripts
                                                                server.directories.transaction.logs.root=/var/lib/neo4j/data/transactions
                                                                
2025-11-03 21:33:12.319+0000 INFO  [o.n.i.d.DiagnosticsManager] 
                                                                --------------------------------------------------------------------------------
                                                                                                 [ Packaging ]                                  
                                                                --------------------------------------------------------------------------------
                                                                Edition: Community
                                                                Package Type: docker bullseye
                                                                
2025-11-03 21:33:12.361+0000 INFO  [o.n.d.i.DefaultIdentityModule] Found ServerId on disk: ServerId{df0edcd4} (df0edcd4-2abb-4233-96c2-6eea53b41bac)
2025-11-03 21:33:12.363+0000 INFO  [o.n.d.i.DefaultIdentityModule] This instance is ServerId{df0edcd4} (df0edcd4-2abb-4233-96c2-6eea53b41bac)
2025-11-03 21:33:13.275+0000 INFO  [o.n.s.CommunityNeoWebServer] ======== Neo4j 5.26.15 ========
2025-11-03 21:33:13.290+0000 INFO  [o.n.d.d.DatabaseLifecycles] Creating 'DatabaseId{00000000[system]}'.
2025-11-03 21:33:13.482+0000 INFO  [o.n.b.BoltServer] Using connector transport epoll
2025-11-03 21:33:13.558+0000 INFO  [o.n.b.BoltServer] Configured external Bolt connector with listener address /0.0.0.0:7687
2025-11-03 21:33:13.559+0000 INFO  [o.n.b.BoltServer] Bolt server loaded
2025-11-03 21:33:13.581+0000 INFO  [o.n.d.d.DatabaseLifecycles] Starting 'DatabaseId{00000000[system]}'.
2025-11-03 21:33:14.251+0000 INFO  [o.n.k.i.t.l.f.c.CheckpointLogFile] [system/00000000] Scanning log file with version 0 for checkpoint entries
2025-11-03 21:33:14.414+0000 INFO  [o.n.k.i.s.f.RecordFormatSelector] [system/00000000] Selected RecordFormat:PageAlignedV5_0[aligned-1.1] record format from store /data/databases/system
2025-11-03 21:33:14.414+0000 INFO  [o.n.k.i.s.f.RecordFormatSelector] [system/00000000] Selected format from the store files: RecordFormat:PageAlignedV5_0[aligned-1.1]
2025-11-03 21:33:15.623+0000 INFO  [o.n.i.d.DiagnosticsManager] [system/00000000] 
                                                                [system/00000000] ********************************************************************************
                                                                [system/00000000]                               [ Database: system ]                              
                                                                [system/00000000] ********************************************************************************
                                                                [system/00000000] --------------------------------------------------------------------------------
                                                                [system/00000000]                                   [ Version ]                                   
                                                                [system/00000000] --------------------------------------------------------------------------------
                                                                [system/00000000] DBMS: community record-aligned-1.1
                                                                [system/00000000] Kernel version: 5.26.15
                                                                [system/00000000] 
                                                                [system/00000000] --------------------------------------------------------------------------------
                                                                [system/00000000]                                 [ Store files ]                                 
                                                                [system/00000000] --------------------------------------------------------------------------------
                                                                [system/00000000] Disk space on partition (Total / Free / Free %): 12000119746560 / 5362276909056 / 44
                                                                [system/00000000] Storage files stored on file store: 9p
                                                                [system/00000000] Storage files: (filename : modification date - size)
                                                                [system/00000000]   database_lock: 2025-11-02 22:22:22.376+0000 - 0B
                                                                [system/00000000]   neostore: 2025-11-02 22:22:22.177+0000 - 8.000KiB
                                                                [system/00000000]   neostore.counts.db: 2025-11-03 21:33:15.284+0000 - 48.00KiB
                                                                [system/00000000]   neostore.indexstats.db: 2025-11-03 21:33:15.355+0000 - 48.00KiB
                                                                [system/00000000]   neostore.labeltokenstore.db: 2025-11-02 22:37:47.322+0000 - 8.000KiB
                                                                [system/00000000]   neostore.labeltokenstore.db.id: 2025-11-03 21:33:15.096+0000 - 40.00KiB
                                                                [system/00000000]   neostore.labeltokenstore.db.names: 2025-11-02 22:37:47.356+0000 - 8.000KiB
                                                                [system/00000000]   neostore.labeltokenstore.db.names.id: 2025-11-03 21:33:15.036+0000 - 40.00KiB
                                                                [system/00000000]   neostore.nodestore.db: 2025-11-02 22:37:47.371+0000 - 8.000KiB
                                                                [system/00000000]   neostore.nodestore.db.id: 2025-11-03 21:33:14.587+0000 - 40.00KiB
                                                                [system/00000000]   neostore.nodestore.db.labels: 2025-11-02 22:22:21.989+0000 - 8.000KiB
                                                                [system/00000000]   neostore.nodestore.db.labels.id: 2025-11-03 21:33:14.528+0000 - 40.00KiB
                                                                [system/00000000]   neostore.propertystore.db: 2025-11-02 22:37:47.332+0000 - 8.000KiB
                                                                [system/00000000]   neostore.propertystore.db.arrays: 2025-11-02 22:22:22.051+0000 - 8.000KiB
                                                                [system/00000000]   neostore.propertystore.db.arrays.id: 2025-11-03 21:33:14.791+0000 - 40.00KiB
                                                                [system/00000000]   neostore.propertystore.db.id: 2025-11-03 21:33:14.840+0000 - 40.00KiB
                                                                [system/00000000]   neostore.propertystore.db.index: 2025-11-02 22:37:47.337+0000 - 8.000KiB
                                                                [system/00000000]   neostore.propertystore.db.index.id: 2025-11-03 21:33:14.688+0000 - 40.00KiB
                                                                [system/00000000]   neostore.propertystore.db.index.keys: 2025-11-02 22:37:47.395+0000 - 8.000KiB
                                                                [system/00000000]   neostore.propertystore.db.index.keys.id: 2025-11-03 21:33:14.637+0000 - 40.00KiB
                                                                [system/00000000]   neostore.propertystore.db.strings: 2025-11-02 22:37:47.387+0000 - 8.000KiB
                                                                [system/00000000]   neostore.propertystore.db.strings.id: 2025-11-03 21:33:14.741+0000 - 40.00KiB
                                                                [system/00000000]   neostore.relationshipgroupstore.db: 2025-11-02 22:22:22.161+0000 - 8.000KiB
                                                                [system/00000000]   neostore.relationshipgroupstore.db.id: 2025-11-03 21:33:15.212+0000 - 40.00KiB
                                                                [system/00000000]   neostore.relationshipgroupstore.degrees.db: 2025-11-03 21:33:15.324+0000 - 40.00KiB
                                                                [system/00000000]   neostore.relationshipstore.db: 2025-11-02 22:37:47.364+0000 - 8.000KiB
                                                                [system/00000000]   neostore.relationshipstore.db.id: 2025-11-03 21:33:14.882+0000 - 40.00KiB
                                                                [system/00000000]   neostore.relationshiptypestore.db: 2025-11-02 22:37:47.403+0000 - 8.000KiB
                                                                [system/00000000]   neostore.relationshiptypestore.db.id: 2025-11-03 21:33:14.980+0000 - 40.00KiB
                                                                [system/00000000]   neostore.relationshiptypestore.db.names: 2025-11-02 22:37:47.313+0000 - 8.000KiB
                                                                [system/00000000]   neostore.relationshiptypestore.db.names.id: 2025-11-03 21:33:14.935+0000 - 40.00KiB
                                                                [system/00000000]   neostore.schemastore.db: 2025-11-02 22:37:47.347+0000 - 8.000KiB
                                                                [system/00000000]   neostore.schemastore.db.id: 2025-11-03 21:33:15.145+0000 - 40.00KiB
                                                                [system/00000000]   schema:
                                                                [system/00000000]     index:
                                                                [system/00000000]       range-1.0:
                                                                [system/00000000]         3:
                                                                [system/00000000]           index-3: 2025-11-02 22:47:33.234+0000 - 48.00KiB
                                                                [system/00000000]         - Total: 2025-11-02 22:22:36.893+0000 - 48.00KiB
                                                                [system/00000000]         4:
                                                                [system/00000000]           index-4: 2025-11-02 22:47:33.240+0000 - 48.00KiB
                                                                [system/00000000]         - Total: 2025-11-02 22:22:37.022+0000 - 48.00KiB
                                                                [system/00000000]         7:
                                                                [system/00000000]           index-7: 2025-11-02 22:47:33.244+0000 - 48.00KiB
                                                                [system/00000000]         - Total: 2025-11-02 22:22:37.396+0000 - 48.00KiB
                                                                [system/00000000]         8:
                                                                [system/00000000]           index-8: 2025-11-02 22:47:33.249+0000 - 48.00KiB
                                                                [system/00000000]         - Total: 2025-11-02 22:22:37.499+0000 - 48.00KiB
                                                                [system/00000000]         9:
                                                                [system/00000000]           index-9: 2025-11-02 22:47:33.254+0000 - 48.00KiB
                                                                [system/00000000]         - Total: 2025-11-02 22:22:37.620+0000 - 48.00KiB
                                                                [system/00000000]       - Total: 2025-11-02 22:22:37.617+0000 - 240.0KiB
                                                                [system/00000000]       token-lookup-1.0:
                                                                [system/00000000]         1:
                                                                [system/00000000]           index-1: 2025-11-02 22:47:33.225+0000 - 48.00KiB
                                                                [system/00000000]         - Total: 2025-11-02 22:22:36.204+0000 - 48.00KiB
                                                                [system/00000000]         2:
                                                                [system/00000000]           index-2: 2025-11-02 22:47:33.229+0000 - 48.00KiB
                                                                [system/00000000]         - Total: 2025-11-02 22:22:36.104+0000 - 48.00KiB
                                                                [system/00000000]       - Total: 2025-11-02 22:22:36.189+0000 - 96.00KiB
                                                                [system/00000000]     - Total: 2025-11-02 22:22:36.885+0000 - 336.0KiB
                                                                [system/00000000]   - Total: 2025-11-02 22:22:36.091+0000 - 336.0KiB
                                                                [system/00000000] Storage summary: 
                                                                [system/00000000]   Total size of store: 1.125MiB
                                                                [system/00000000]   Total size of mapped files: 456.0KiB
                                                                [system/00000000] 
                                                                [system/00000000] --------------------------------------------------------------------------------
                                                                [system/00000000]                               [ Transaction log ]                               
                                                                [system/00000000] --------------------------------------------------------------------------------
                                                                [system/00000000] Transaction log files stored on file store: 9p
                                                                [system/00000000] Transaction log metadata:
                                                                [system/00000000]  - current kernel version used in transactions: V5_25
                                                                [system/00000000]  - last committed transaction id: 41
                                                                [system/00000000] Transaction log files:
                                                                [system/00000000]  - existing transaction log versions: 0-0
                                                                [system/00000000]  - oldest append index 2 found in log with version 0
                                                                [system/00000000]  - files: (filename : creation date - size)
                                                                [system/00000000]      neostore.transaction.db.0: 2025-11-02 22:22:37.839+0000 - 256.0MiB
                                                                [system/00000000]  - total size of files: 256.0MiB
                                                                [system/00000000] Checkpoint log files:
                                                                [system/00000000]  - existing checkpoint log versions: 0-0
                                                                [system/00000000]  - last checkpoint: CheckpointInfo[oldestNotVisibleTransactionLogPosition=LogPosition{logVersion=0, byteOffset=24028}, transactionLogPosition=LogPosition{logVersion=0, byteOffset=24028}, storeId=StoreId{creationTime=1762122142174, random=6435625569494844042, storageEngineName='record', formatName='aligned', majorVersion=1, minorVersion=1}, checkpointEntryPosition=LogPosition{logVersion=0, byteOffset=592}, channelPositionAfterCheckpoint=LogPosition{logVersion=0, byteOffset=824}, checkpointFilePostReadPosition=LogPosition{logVersion=0, byteOffset=824}, kernelVersion=KernelVersion{V5_25,version=20}, kernelVersionByte=20, transactionId=TransactionId[id=41, appendIndex=41, kernelVersion=KernelVersion{V5_25,version=20}, checksum=-377305712, commitTimestamp=1762122157839, consensusIndex=-1], appendIndex=41, reason=Checkpoint triggered by "Database shutdown" @ txId: 41, append index: 41, consensusIndexInCheckpoint=true]
                                                                [system/00000000] 
                                                                [system/00000000] --------------------------------------------------------------------------------
                                                                [system/00000000]                                   [ Id usage ]                                  
                                                                [system/00000000] --------------------------------------------------------------------------------
                                                                [system/00000000] ArrayPropertyStore[neostore.nodestore.db.labels]: used=1 high=0
                                                                [system/00000000] NodeStore[neostore.nodestore.db]: used=7 high=6
                                                                [system/00000000] StringPropertyStore[neostore.propertystore.db.index.keys]: used=47 high=46
                                                                [system/00000000] PropertyIndexStore[neostore.propertystore.db.index]: used=33 high=32
                                                                [system/00000000] StringPropertyStore[neostore.propertystore.db.strings]: used=3 high=2
                                                                [system/00000000] ArrayPropertyStore[neostore.propertystore.db.arrays]: used=1 high=0
                                                                [system/00000000] PropertyStore[neostore.propertystore.db]: used=73 high=72
                                                                [system/00000000] RelationshipStore[neostore.relationshipstore.db]: used=3 high=2
                                                                [system/00000000] StringPropertyStore[neostore.relationshiptypestore.db.names]: used=3 high=2
                                                                [system/00000000] RelationshipTypeStore[neostore.relationshiptypestore.db]: used=2 high=1
                                                                [system/00000000] StringPropertyStore[neostore.labeltokenstore.db.names]: used=6 high=5
                                                                [system/00000000] LabelTokenStore[neostore.labeltokenstore.db]: used=5 high=4
                                                                [system/00000000] SchemaStore[neostore.schemastore.db]: used=13 high=12
                                                                [system/00000000] RelationshipGroupStore[neostore.relationshipgroupstore.db]: used=1 high=0
                                                                [system/00000000] NeoStore[neostore]: used=-1 high=-1
                                                                [system/00000000] 
                                                                [system/00000000] --------------------------------------------------------------------------------
                                                                [system/00000000]                                   [ Metadata ]                                  
                                                                [system/00000000] --------------------------------------------------------------------------------
                                                                [system/00000000] EXTERNAL_STORE_UUID (Database identifier exposed as external store identity. Generated on creation and never updated): 9ee6e2d8-5ef6-49e3-9fd9-9fc2b0883067
                                                                [system/00000000] DATABASE_ID (The last used DatabaseId for this database): null
                                                                [system/00000000] LEGACY_STORE_VERSION (Legacy store format version. This field is used from 5.0 onwards only to distinguish non-migrated pre 5.0 metadata stores.): -3523014627327384477
                                                                [system/00000000] STORE_ID (Store ID): StoreId{creationTime=1762122142174, random=6435625569494844042, storageEngineName='record', formatName='aligned', majorVersion=1, minorVersion=1}
                                                                [system/00000000] 
2025-11-03 21:33:16.039+0000 INFO  [o.n.k.i.a.i.IndexingService] [system/00000000] IndexingService.init: indexes not specifically mentioned above are ONLINE. Total 7 indexes. Processed in 378ms
2025-11-03 21:33:16.054+0000 INFO  [o.n.k.a.DatabaseAvailabilityGuard] [system/00000000] Requirement `Database unavailable` makes database system unavailable.
2025-11-03 21:33:16.055+0000 INFO  [o.n.k.a.DatabaseAvailabilityGuard] [system/00000000] DatabaseId{00000000[system]} is unavailable.
2025-11-03 21:33:16.071+0000 INFO  [o.n.k.d.Database] [system/00000000] Starting transaction log [/data/transactions/system/neostore.transaction.db.0] at version=0
2025-11-03 21:33:16.079+0000 INFO  [o.n.k.d.Database] [system/00000000] Starting transaction log [/data/transactions/system/checkpoint.0] at version=0
2025-11-03 21:33:16.087+0000 INFO  [o.n.k.i.t.l.f.c.CheckpointLogFile] [system/00000000] Scanning log file with version 0 for checkpoint entries
2025-11-03 21:33:16.098+0000 INFO  [o.n.k.i.a.i.IndexingService] [system/00000000] IndexingService.start: indexes not specifically mentioned above are ONLINE. Total 7 indexes. Processed in 0ms
2025-11-03 21:33:16.104+0000 INFO  [o.n.k.a.DatabaseAvailabilityGuard] [system/00000000] Fulfilling of requirement 'Database unavailable' makes database system available.
2025-11-03 21:33:16.104+0000 INFO  [o.n.k.a.DatabaseAvailabilityGuard] [system/00000000] DatabaseId{00000000[system]} is ready.
2025-11-03 21:33:16.200+0000 INFO  [o.n.s.s.s.UserSecurityGraphComponent] Performing postInitialization step for component 'security-users' with version 5 and status CURRENT
2025-11-03 21:33:16.201+0000 INFO  [o.n.s.s.s.UserSecurityGraphComponent] Updating the initial password in component 'security-users'
2025-11-03 21:33:16.223+0000 INFO  [o.n.d.d.DatabaseLifecycles] Creating 'DatabaseId{c43735b2[neo4j]}'.
2025-11-03 21:33:16.227+0000 INFO  [o.n.d.d.DatabaseLifecycles] Starting 'DatabaseId{c43735b2[neo4j]}'.
2025-11-03 21:33:16.351+0000 INFO  [o.n.k.i.t.l.f.c.CheckpointLogFile] [neo4j/c43735b2] Scanning log file with version 0 for checkpoint entries
2025-11-03 21:33:16.537+0000 INFO  [o.n.k.i.s.f.RecordFormatSelector] [neo4j/c43735b2] Selected RecordFormat:PageAlignedV5_0[aligned-1.1] record format from store /data/databases/neo4j
2025-11-03 21:33:16.538+0000 INFO  [o.n.k.i.s.f.RecordFormatSelector] [neo4j/c43735b2] Selected format from the store files: RecordFormat:PageAlignedV5_0[aligned-1.1]
2025-11-03 21:33:17.328+0000 INFO  [o.n.i.d.DiagnosticsManager] [neo4j/c43735b2] 
                                                                [neo4j/c43735b2] ********************************************************************************
                                                                [neo4j/c43735b2]                               [ Database: neo4j ]                               
                                                                [neo4j/c43735b2] ********************************************************************************
                                                                [neo4j/c43735b2] --------------------------------------------------------------------------------
                                                                [neo4j/c43735b2]                                   [ Version ]                                   
                                                                [neo4j/c43735b2] --------------------------------------------------------------------------------
                                                                [neo4j/c43735b2] DBMS: community record-aligned-1.1
                                                                [neo4j/c43735b2] Kernel version: 5.26.15
                                                                [neo4j/c43735b2] 
                                                                [neo4j/c43735b2] --------------------------------------------------------------------------------
                                                                [neo4j/c43735b2]                                 [ Store files ]                                 
                                                                [neo4j/c43735b2] --------------------------------------------------------------------------------
                                                                [neo4j/c43735b2] Disk space on partition (Total / Free / Free %): 12000119746560 / 5362276909056 / 44
                                                                [neo4j/c43735b2] Storage files stored on file store: 9p
                                                                [neo4j/c43735b2] Storage files: (filename : modification date - size)
                                                                [neo4j/c43735b2]   database_lock: 2025-11-02 22:22:38.078+0000 - 0B
                                                                [neo4j/c43735b2]   neostore: 2025-11-02 22:22:38.003+0000 - 8.000KiB
                                                                [neo4j/c43735b2]   neostore.counts.db: 2025-11-03 21:33:17.170+0000 - 40.00KiB
                                                                [neo4j/c43735b2]   neostore.indexstats.db: 2025-11-03 21:33:17.223+0000 - 48.00KiB
                                                                [neo4j/c43735b2]   neostore.labeltokenstore.db: 2025-11-02 22:22:37.973+0000 - 0B
                                                                [neo4j/c43735b2]   neostore.labeltokenstore.db.id: 2025-11-03 21:33:17.048+0000 - 40.00KiB
                                                                [neo4j/c43735b2]   neostore.labeltokenstore.db.names: 2025-11-02 22:22:37.966+0000 - 8.000KiB
                                                                [neo4j/c43735b2]   neostore.labeltokenstore.db.names.id: 2025-11-03 21:33:17.010+0000 - 40.00KiB
                                                                [neo4j/c43735b2]   neostore.nodestore.db: 2025-11-02 22:22:37.903+0000 - 0B
                                                                [neo4j/c43735b2]   neostore.nodestore.db.id: 2025-11-03 21:33:16.608+0000 - 40.00KiB
                                                                [neo4j/c43735b2]   neostore.nodestore.db.labels: 2025-11-02 22:22:37.894+0000 - 8.000KiB
                                                                [neo4j/c43735b2]   neostore.nodestore.db.labels.id: 2025-11-03 21:33:16.578+0000 - 40.00KiB
                                                                [neo4j/c43735b2]   neostore.propertystore.db: 2025-11-02 22:22:51.201+0000 - 8.000KiB
                                                                [neo4j/c43735b2]   neostore.propertystore.db.arrays: 2025-11-02 22:22:37.935+0000 - 8.000KiB
                                                                [neo4j/c43735b2]   neostore.propertystore.db.arrays.id: 2025-11-03 21:33:16.796+0000 - 40.00KiB
                                                                [neo4j/c43735b2]   neostore.propertystore.db.id: 2025-11-03 21:33:16.854+0000 - 40.00KiB
                                                                [neo4j/c43735b2]   neostore.propertystore.db.index: 2025-11-02 22:22:51.223+0000 - 8.000KiB
                                                                [neo4j/c43735b2]   neostore.propertystore.db.index.id: 2025-11-03 21:33:16.707+0000 - 40.00KiB
                                                                [neo4j/c43735b2]   neostore.propertystore.db.index.keys: 2025-11-02 22:22:51.244+0000 - 8.000KiB
                                                                [neo4j/c43735b2]   neostore.propertystore.db.index.keys.id: 2025-11-03 21:33:16.663+0000 - 40.00KiB
                                                                [neo4j/c43735b2]   neostore.propertystore.db.strings: 2025-11-02 22:22:37.923+0000 - 8.000KiB
                                                                [neo4j/c43735b2]   neostore.propertystore.db.strings.id: 2025-11-03 21:33:16.750+0000 - 40.00KiB
                                                                [neo4j/c43735b2]   neostore.relationshipgroupstore.db: 2025-11-02 22:22:37.995+0000 - 8.000KiB
                                                                [neo4j/c43735b2]   neostore.relationshipgroupstore.db.id: 2025-11-03 21:33:17.126+0000 - 40.00KiB
                                                                [neo4j/c43735b2]   neostore.relationshipgroupstore.degrees.db: 2025-11-03 21:33:17.193+0000 - 40.00KiB
                                                                [neo4j/c43735b2]   neostore.relationshipstore.db: 2025-11-02 22:22:37.949+0000 - 0B
                                                                [neo4j/c43735b2]   neostore.relationshipstore.db.id: 2025-11-03 21:33:16.897+0000 - 40.00KiB
                                                                [neo4j/c43735b2]   neostore.relationshiptypestore.db: 2025-11-02 22:22:37.962+0000 - 0B
                                                                [neo4j/c43735b2]   neostore.relationshiptypestore.db.id: 2025-11-03 21:33:16.980+0000 - 40.00KiB
                                                                [neo4j/c43735b2]   neostore.relationshiptypestore.db.names: 2025-11-02 22:22:37.954+0000 - 8.000KiB
                                                                [neo4j/c43735b2]   neostore.relationshiptypestore.db.names.id: 2025-11-03 21:33:16.938+0000 - 40.00KiB
                                                                [neo4j/c43735b2]   neostore.schemastore.db: 2025-11-02 22:22:51.182+0000 - 8.000KiB
                                                                [neo4j/c43735b2]   neostore.schemastore.db.id: 2025-11-03 21:33:17.084+0000 - 40.00KiB
                                                                [neo4j/c43735b2]   schema:
                                                                [neo4j/c43735b2]     index:
                                                                [neo4j/c43735b2]       token-lookup-1.0:
                                                                [neo4j/c43735b2]         1:
                                                                [neo4j/c43735b2]           index-1: 2025-11-02 22:47:32.663+0000 - 40.00KiB
                                                                [neo4j/c43735b2]         - Total: 2025-11-02 22:22:50.749+0000 - 40.00KiB
                                                                [neo4j/c43735b2]         2:
                                                                [neo4j/c43735b2]           index-2: 2025-11-02 22:47:32.669+0000 - 40.00KiB
                                                                [neo4j/c43735b2]         - Total: 2025-11-02 22:22:50.671+0000 - 40.00KiB
                                                                [neo4j/c43735b2]       - Total: 2025-11-02 22:22:50.745+0000 - 80.00KiB
                                                                [neo4j/c43735b2]     - Total: 2025-11-02 22:22:50.663+0000 - 80.00KiB
                                                                [neo4j/c43735b2]   - Total: 2025-11-02 22:22:50.662+0000 - 80.00KiB
                                                                [neo4j/c43735b2] Storage summary: 
                                                                [neo4j/c43735b2]   Total size of store: 856.0KiB
                                                                [neo4j/c43735b2]   Total size of mapped files: 168.0KiB
                                                                [neo4j/c43735b2] 
                                                                [neo4j/c43735b2] --------------------------------------------------------------------------------
                                                                [neo4j/c43735b2]                               [ Transaction log ]                               
                                                                [neo4j/c43735b2] --------------------------------------------------------------------------------
                                                                [neo4j/c43735b2] Transaction log files stored on file store: 9p
                                                                [neo4j/c43735b2] Transaction log metadata:
                                                                [neo4j/c43735b2]  - current kernel version used in transactions: V5_25
                                                                [neo4j/c43735b2]  - last committed transaction id: 3
                                                                [neo4j/c43735b2] Transaction log files:
                                                                [neo4j/c43735b2]  - existing transaction log versions: 0-0
                                                                [neo4j/c43735b2]  - oldest append index 2 found in log with version 0
                                                                [neo4j/c43735b2]  - files: (filename : creation date - size)
                                                                [neo4j/c43735b2]      neostore.transaction.db.0: 2025-11-02 22:22:50.649+0000 - 256.0MiB
                                                                [neo4j/c43735b2]  - total size of files: 256.0MiB
                                                                [neo4j/c43735b2] Checkpoint log files:
                                                                [neo4j/c43735b2]  - existing checkpoint log versions: 0-0
                                                                [neo4j/c43735b2]  - last checkpoint: CheckpointInfo[oldestNotVisibleTransactionLogPosition=LogPosition{logVersion=0, byteOffset=3238}, transactionLogPosition=LogPosition{logVersion=0, byteOffset=3238}, storeId=StoreId{creationTime=1762122158003, random=8358975501651697958, storageEngineName='record', formatName='aligned', majorVersion=1, minorVersion=1}, checkpointEntryPosition=LogPosition{logVersion=0, byteOffset=360}, channelPositionAfterCheckpoint=LogPosition{logVersion=0, byteOffset=592}, checkpointFilePostReadPosition=LogPosition{logVersion=0, byteOffset=592}, kernelVersion=KernelVersion{V5_25,version=20}, kernelVersionByte=20, transactionId=TransactionId[id=3, appendIndex=3, kernelVersion=KernelVersion{V5_25,version=20}, checksum=-1691414770, commitTimestamp=1762122170636, consensusIndex=-1], appendIndex=3, reason=Checkpoint triggered by "Database shutdown" @ txId: 3, append index: 3, consensusIndexInCheckpoint=true]
                                                                [neo4j/c43735b2] 
                                                                [neo4j/c43735b2] --------------------------------------------------------------------------------
                                                                [neo4j/c43735b2]                                   [ Id usage ]                                  
                                                                [neo4j/c43735b2] --------------------------------------------------------------------------------
                                                                [neo4j/c43735b2] ArrayPropertyStore[neostore.nodestore.db.labels]: used=1 high=0
                                                                [neo4j/c43735b2] NodeStore[neostore.nodestore.db]: used=0 high=-1
                                                                [neo4j/c43735b2] StringPropertyStore[neostore.propertystore.db.index.keys]: used=20 high=19
                                                                [neo4j/c43735b2] PropertyIndexStore[neostore.propertystore.db.index]: used=10 high=9
                                                                [neo4j/c43735b2] StringPropertyStore[neostore.propertystore.db.strings]: used=1 high=0
                                                                [neo4j/c43735b2] ArrayPropertyStore[neostore.propertystore.db.arrays]: used=1 high=0
                                                                [neo4j/c43735b2] PropertyStore[neostore.propertystore.db]: used=8 high=7
                                                                [neo4j/c43735b2] RelationshipStore[neostore.relationshipstore.db]: used=0 high=-1
                                                                [neo4j/c43735b2] StringPropertyStore[neostore.relationshiptypestore.db.names]: used=1 high=0
                                                                [neo4j/c43735b2] RelationshipTypeStore[neostore.relationshiptypestore.db]: used=0 high=-1
                                                                [neo4j/c43735b2] StringPropertyStore[neostore.labeltokenstore.db.names]: used=1 high=0
                                                                [neo4j/c43735b2] LabelTokenStore[neostore.labeltokenstore.db]: used=0 high=-1
                                                                [neo4j/c43735b2] SchemaStore[neostore.schemastore.db]: used=3 high=2
                                                                [neo4j/c43735b2] RelationshipGroupStore[neostore.relationshipgroupstore.db]: used=1 high=0
                                                                [neo4j/c43735b2] NeoStore[neostore]: used=-1 high=-1
                                                                [neo4j/c43735b2] 
                                                                [neo4j/c43735b2] --------------------------------------------------------------------------------
                                                                [neo4j/c43735b2]                                   [ Metadata ]                                  
                                                                [neo4j/c43735b2] --------------------------------------------------------------------------------
                                                                [neo4j/c43735b2] EXTERNAL_STORE_UUID (Database identifier exposed as external store identity. Generated on creation and never updated): ad8e4bd3-9809-440f-bc2b-4c1d222d547e
                                                                [neo4j/c43735b2] DATABASE_ID (The last used DatabaseId for this database): null
                                                                [neo4j/c43735b2] LEGACY_STORE_VERSION (Legacy store format version. This field is used from 5.0 onwards only to distinguish non-migrated pre 5.0 metadata stores.): -3523014627327384477
                                                                [neo4j/c43735b2] STORE_ID (Store ID): StoreId{creationTime=1762122158003, random=8358975501651697958, storageEngineName='record', formatName='aligned', majorVersion=1, minorVersion=1}
                                                                [neo4j/c43735b2] 
2025-11-03 21:33:17.401+0000 INFO  [o.n.k.i.a.i.IndexingService] [neo4j/c43735b2] IndexingService.init: indexes not specifically mentioned above are ONLINE. Total 2 indexes. Processed in 70ms
2025-11-03 21:33:17.414+0000 INFO  [o.n.k.a.DatabaseAvailabilityGuard] [neo4j/c43735b2] Requirement `Database unavailable` makes database neo4j unavailable.
2025-11-03 21:33:17.415+0000 INFO  [o.n.k.a.DatabaseAvailabilityGuard] [neo4j/c43735b2] DatabaseId{c43735b2[neo4j]} is unavailable.
2025-11-03 21:33:17.424+0000 INFO  [o.n.k.d.Database] [neo4j/c43735b2] Starting transaction log [/data/transactions/neo4j/neostore.transaction.db.0] at version=0
2025-11-03 21:33:17.431+0000 INFO  [o.n.k.d.Database] [neo4j/c43735b2] Starting transaction log [/data/transactions/neo4j/checkpoint.0] at version=0
2025-11-03 21:33:17.438+0000 INFO  [o.n.k.i.t.l.f.c.CheckpointLogFile] [neo4j/c43735b2] Scanning log file with version 0 for checkpoint entries
2025-11-03 21:33:17.453+0000 INFO  [o.n.k.i.a.i.IndexingService] [neo4j/c43735b2] IndexingService.start: indexes not specifically mentioned above are ONLINE. Total 2 indexes. Processed in 0ms
2025-11-03 21:33:17.454+0000 INFO  [o.n.k.a.DatabaseAvailabilityGuard] [neo4j/c43735b2] Fulfilling of requirement 'Database unavailable' makes database neo4j available.
2025-11-03 21:33:17.455+0000 INFO  [o.n.k.a.DatabaseAvailabilityGuard] [neo4j/c43735b2] DatabaseId{c43735b2[neo4j]} is ready.
2025-11-03 21:33:17.456+0000 INFO  [o.n.u.UserDataCollector] Anonymous Usage Data is being sent to Neo4j, see https://neo4j.com/docs/usage-data/
2025-11-03 21:33:17.498+0000 INFO  [o.n.b.p.c.c.n.SocketNettyConnector] Bolt enabled on 0.0.0.0:7687.
2025-11-03 21:33:17.500+0000 WARN  [i.n.b.ServerBootstrap] Unknown channel option 'SO_REUSEADDR' for channel '[id: 0xc9f49a64]'
2025-11-03 21:33:17.505+0000 INFO  [o.n.b.BoltServer] Bolt server started
2025-11-03 21:33:17.506+0000 INFO  [o.n.s.A.ServerComponentsLifecycleAdapter] Starting web server
2025-11-03 21:33:18.286+0000 INFO  [o.n.s.CommunityNeoWebServer] HTTP enabled on 0.0.0.0:7474.
2025-11-03 21:33:18.288+0000 INFO  [o.n.s.CommunityNeoWebServer] Remote interface available at http://localhost:7474/
2025-11-03 21:33:18.288+0000 INFO  [o.n.s.A.ServerComponentsLifecycleAdapter] Web server started.
2025-11-03 21:33:18.291+0000 INFO  [o.n.g.f.DatabaseManagementServiceFactory] id: 70DD3A1BBE2B55288858528AA9BCEB554482308142569BCDDA10CECE52E1DC45
2025-11-03 21:33:18.292+0000 INFO  [o.n.g.f.DatabaseManagementServiceFactory] name: system
2025-11-03 21:33:18.293+0000 INFO  [o.n.g.f.DatabaseManagementServiceFactory] creationDate: 2025-11-02T22:22:22.174Z
2025-11-04 03:27:51.331+0000 INFO  [o.n.g.f.m.GlobalModule] Logging config in use: File '/var/lib/neo4j/conf/server-logs.xml'
2025-11-04 03:27:51.615+0000 WARN  [o.n.k.i.JvmChecker] The max heap memory has not been configured. It is recommended that it is always explicitly configured, to ensure the system has a balanced configuration. Until then, a JVM computed heuristic of 4181721088 bytes is used instead. If you are running neo4j server, you need to configure server.memory.heap.max_size in neo4j.conf. If you are running neo4j embedded, you have to launch the JVM with -Xmx set to a value. You can run neo4j-admin server memory-recommendation for memory configuration suggestions.
2025-11-04 03:27:51.616+0000 WARN  [o.n.k.i.JvmChecker] The initial heap memory has not been configured. It is recommended that it is always explicitly configured, to ensure the system has a balanced configuration. Until then, a JVM computed heuristic of 262144000 bytes is used instead. If you are running neo4j server, you need to configure server.memory.heap.initial_size in neo4j.conf. If you are running neo4j embedded, you have to launch the JVM with -Xms set to a value. You can run neo4j-admin server memory-recommendation for memory configuration suggestions.
2025-11-04 03:27:51.919+0000 INFO  [o.n.i.d.DiagnosticsManager] 
                                                                ********************************************************************************
                                                                                             [ System diagnostics ]                             
                                                                ********************************************************************************
2025-11-04 03:27:51.920+0000 INFO  [o.n.i.d.DiagnosticsManager] 
                                                                --------------------------------------------------------------------------------
                                                                                         [ System memory information ]                          
                                                                --------------------------------------------------------------------------------
                                                                Total Physical memory: 15.58GiB
                                                                Free Physical memory: 12.94GiB
                                                                Committed virtual memory: 7.904GiB
                                                                Total swap space: 4.000GiB
                                                                Free swap space: 4.000GiB
                                                                
2025-11-04 03:27:51.922+0000 INFO  [o.n.i.d.DiagnosticsManager] 
                                                                --------------------------------------------------------------------------------
                                                                                           [ JVM memory information ]                           
                                                                --------------------------------------------------------------------------------
                                                                Free  memory: 78.27MiB
                                                                Total memory: 108.0MiB
                                                                Max   memory: 3.895GiB
                                                                Garbage Collector: G1 Young Generation: [G1 Eden Space, G1 Survivor Space, G1 Old Gen]
                                                                Garbage Collector: G1 Old Generation: [G1 Eden Space, G1 Survivor Space, G1 Old Gen]
                                                                Memory Pool: CodeHeap 'non-nmethods' (Non-heap memory): committed=2.438MiB, used=1.288MiB, max=5.570MiB, threshold=0B
                                                                Memory Pool: Metaspace (Non-heap memory): committed=21.88MiB, used=21.60MiB, max=-1B, threshold=0B
                                                                Memory Pool: CodeHeap 'profiled nmethods' (Non-heap memory): committed=5.625MiB, used=5.573MiB, max=117.2MiB, threshold=0B
                                                                Memory Pool: Compressed Class Space (Non-heap memory): committed=2.438MiB, used=2.334MiB, max=1.000GiB, threshold=0B
                                                                Memory Pool: G1 Eden Space (Heap memory): committed=80.00MiB, used=2.000MiB, max=-1B, threshold=?
                                                                Memory Pool: G1 Old Gen (Heap memory): committed=20.00MiB, used=18.93MiB, max=3.895GiB, threshold=0B
                                                                Memory Pool: G1 Survivor Space (Heap memory): committed=8.000MiB, used=6.807MiB, max=-1B, threshold=?
                                                                Memory Pool: CodeHeap 'non-profiled nmethods' (Non-heap memory): committed=2.438MiB, used=1.821MiB, max=117.2MiB, threshold=0B
                                                                
2025-11-04 03:27:51.923+0000 INFO  [o.n.i.d.DiagnosticsManager] 
                                                                --------------------------------------------------------------------------------
                                                                                        [ Operating system information ]                        
                                                                --------------------------------------------------------------------------------
                                                                Operating System: Linux; version: 6.6.87.2-microsoft-standard-WSL2; arch: amd64; cpus: 12
                                                                Max number of file descriptors: 1048576
                                                                Number of open file descriptors: 233
                                                                Process id: 7
                                                                Byte order: LITTLE_ENDIAN
                                                                Local timezone: Etc/UTC
                                                                Memory page size: 4096
                                                                Unaligned memory access allowed: true
                                                                
2025-11-04 03:27:51.924+0000 INFO  [o.n.i.d.DiagnosticsManager] 
                                                                --------------------------------------------------------------------------------
                                                                                              [ JVM information ]                               
                                                                --------------------------------------------------------------------------------
                                                                VM Name: OpenJDK 64-Bit Server VM
                                                                VM Vendor: Eclipse Adoptium
                                                                VM Version: 17.0.16+8
                                                                JIT compiler: HotSpot 64-Bit Tiered Compilers
                                                                VM Arguments: [-XX:+UseG1GC, -XX:-OmitStackTraceInFastThrow, -XX:+AlwaysPreTouch, -XX:+UnlockExperimentalVMOptions, -XX:+TrustFinalNonStaticFields, -XX:+DisableExplicitGC, -Djdk.nio.maxCachedBufferSize=1024, -Dio.netty.tryReflectionSetAccessible=true, -Djdk.tls.ephemeralDHKeySize=2048, -Djdk.tls.rejectClientInitiatedRenegotiation=true, -XX:FlightRecorderOptions=stackdepth=256, -XX:+UnlockDiagnosticVMOptions, -XX:+DebugNonSafepoints, --add-opens=java.base/java.nio=ALL-UNNAMED, --add-opens=java.base/java.io=ALL-UNNAMED, --add-opens=java.base/sun.nio.ch=ALL-UNNAMED, --enable-native-access=ALL-UNNAMED, -Dlog4j2.disable.jmx=true, -Dlog4j.layout.jsonTemplate.maxStringLength=32768, -Dfile.encoding=UTF-8]
                                                                
2025-11-04 03:27:51.924+0000 INFO  [o.n.i.d.DiagnosticsManager] 
                                                                --------------------------------------------------------------------------------
                                                                                               [ Java classpath ]                               
                                                                --------------------------------------------------------------------------------
                                                                 [classpath] /var/lib/neo4j/lib/neo4j-data-collector-5.26.15.jar
                                                                 [classpath] /var/lib/neo4j/lib/jetty-ee8-webapp-12.0.25.jar
                                                                 [classpath] /var/lib/neo4j/lib/neo4j-import-util-5.26.15.jar
                                                                 [classpath] /var/lib/neo4j/lib/jackson-module-jaxb-annotations-2.18.0.jar
                                                                 [classpath] /var/lib/neo4j/lib/neo4j-cypher-slotted-runtime-5.26.15.jar
                                                                 [classpath] /var/lib/neo4j/lib/neo4j-graphdb-api-5.26.15.jar
                                                                 [classpath] /var/lib/neo4j/lib/jaxb-runtime-2.3.2.jar
                                                                 [classpath] /var/lib/neo4j/lib/antlr4-runtime-4.13.2.jar
                                                                 [classpath] /var/lib/neo4j/lib/cypher-v5-antlr-parser-5.26.15.jar
                                                                 [classpath] /var/lib/neo4j/lib/neo4j-cypher-physical-planning-5.26.15.jar
                                                                 [classpath] /var/lib/neo4j/lib/neo4j-spatial-index-5.26.15.jar
                                                                 [classpath] /var/lib/neo4j/lib/jetty-http2-server-12.0.25.jar
                                                                 [classpath] /var/lib/neo4j/lib/caffeine-3.1.8.jar
                                                                 [classpath] /var/lib/neo4j/lib/magnolia_2.13-1.1.8.jar
                                                                 [classpath] /var/lib/neo4j/lib/scala-library-2.13.11.jar
                                                                 [classpath] /var/lib/neo4j/lib/jetty-server-12.0.25.jar
                                                                 [classpath] /var/lib/neo4j/lib/neo4j-server-5.26.15.jar
                                                                 [classpath] /var/lib/neo4j/lib/commons-compress-1.27.1.jar
                                                                 [classpath] /var/lib/neo4j/lib/cypher-v5-ast-factory-5.26.15.jar
                                                                 [classpath] /var/lib/neo4j/lib/cypher-shell-5.26.15.jar
                                                                 [classpath] /var/lib/neo4j/lib/neo4j-schema-5.26.15.jar
                                                                 [classpath] /var/lib/neo4j/lib/jetty-util-12.0.25.jar
                                                                 [classpath] /var/lib/neo4j/lib/jetty-ee-12.0.25.jar
                                                                 [classpath] /var/lib/neo4j/lib/neo4j-exceptions-5.26.15.jar
                                                                 [classpath] /var/lib/neo4j/lib/neo4j-gql-status-5.26.15.jar
                                                                 [classpath] /var/lib/neo4j/lib/cypher-antlr-ast-common-5.26.15.jar
                                                                 [classpath] /var/lib/neo4j/lib/parquet-jackson-1.15.2.jar
                                                                 [classpath] /var/lib/neo4j/conf/*
                                                                 [classpath] /var/lib/neo4j/lib/WMI4Java-1.6.3.jar
                                                                 [classpath] /var/lib/neo4j/lib/neo4j-resource-5.26.15.jar
                                                                 [classpath] /var/lib/neo4j/lib/jakarta.xml.bind-api-2.3.2.jar
                                                                 [classpath] /var/lib/neo4j/lib/jProcesses-1.6.5.jar
                                                                 [classpath] /var/lib/neo4j/lib/netty-transport-native-epoll-4.1.127.Final-linux-aarch_64.jar
                                                                 [classpath] /var/lib/neo4j/lib/neo4j-rewriting-5.26.15.jar
                                                                 [classpath] /var/lib/neo4j/lib/neo4j-util-5.26.15.jar
                                                                 [classpath] /var/lib/neo4j/lib/neo4j-io-5.26.15.jar
                                                                 [classpath] /var/lib/neo4j/lib/hk2-locator-2.6.1.jar
                                                                 [classpath] /var/lib/neo4j/lib/neo4j-index-5.26.15.jar
                                                                 [classpath] /var/lib/neo4j/lib/netty-codec-http-4.1.127.Final.jar
                                                                 [classpath] /var/lib/neo4j/lib/neo4j-query-router-5.26.15.jar
                                                                 [classpath] /var/lib/neo4j/lib/snappy-java-1.1.10.7.jar
                                                                 [classpath] /var/lib/neo4j/lib/eclipse-collections-api-11.1.0.jar
                                                                 [classpath] /var/lib/neo4j/lib/neo4j-bolt-connection-6.0.2.jar
                                                                 [classpath] /var/lib/neo4j/lib/jansi-2.4.0.jar
                                                                 [classpath] /var/lib/neo4j/lib/neo4j-procedure-api-5.26.15.jar
                                                                 [classpath] /var/lib/neo4j/lib/jline-terminal-3.21.0.jar
                                                                 [classpath] /var/lib/neo4j/lib/ipaddress-5.5.1.jar
                                                                 [classpath] /var/lib/neo4j/lib/jetty-security-12.0.25.jar
                                                                 [classpath] /var/lib/neo4j/lib/lucene-queryparser-9.11.1.jar
                                                                 [classpath] /var/lib/neo4j/lib/neo4j-cypher-planner-spi-5.26.15.jar
                                                                 [classpath] /var/lib/neo4j/lib/shiro-lang-2.0.1.jar
                                                                 [classpath] /var/lib/neo4j/lib/jackson-databind-2.18.0.jar
                                                                 [classpath] /var/lib/neo4j/lib/reactor-core-3.7.12.jar
                                                                 [classpath] /var/lib/neo4j/lib/neo4j-native-5.26.15.jar
                                                                 [classpath] /var/lib/neo4j/lib/cypher-v25-ast-factory-5.26.15.jar
                                                                 [classpath] /var/lib/neo4j/lib/zstd-jni-1.5.6-6.jar
                                                                 [classpath] /var/lib/neo4j/lib/kiama_2.13-2.5.1.jar
                                                                 [classpath] /var/lib/neo4j/lib/jakarta.ws.rs-api-2.1.6.jar
                                                                 [classpath] /var/lib/neo4j/lib/neo4j-import-api-5.26.15.jar
                                                                 [classpath] /var/lib/neo4j/lib/neo4j-cloud-5.26.15.jar
                                                                 [classpath] /var/lib/neo4j/lib/cypher-v25-antlr-parser-5.26.15.jar
                                                                 [classpath] /var/lib/neo4j/lib/neo4j-command-line-5.26.15.jar
                                                                 [classpath] /var/lib/neo4j/lib/neo4j-slf4j-provider-5.26.15.jar
                                                                 [classpath] /var/lib/neo4j/lib/lucene-analysis-common-9.11.1.jar
                                                                 [classpath] /var/lib/neo4j/lib/istack-commons-runtime-3.0.8.jar
                                                                 [classpath] /var/lib/neo4j/lib/jetty-servlet-api-4.0.6.jar
                                                                 [classpath] /var/lib/neo4j/lib/jetty-http-12.0.25.jar
                                                                 [classpath] /var/lib/neo4j/lib/eclipse-collections-11.1.0.jar
                                                                 [classpath] /var/lib/neo4j/lib/neo4j-cypher-ast-factory-5.26.15.jar
                                                                 [classpath] /var/lib/neo4j/lib/commons-text-1.12.0.jar
                                                                 [classpath] /var/lib/neo4j/lib/neo4j-cypher-runtime-util-5.26.15.jar
                                                                 [classpath] /var/lib/neo4j/lib/jetty-ee8-nested-12.0.25.jar
                                                                 [classpath] /var/lib/neo4j/lib/neo4j-cypher-interpreted-runtime-5.26.15.jar
                                                                 [classpath] /var/lib/neo4j/lib/cypher-ast-factory-5.26.15.jar
                                                                 [classpath] /var/lib/neo4j/lib/neo4j-kernel-5.26.15.jar
                                                                 [classpath] /var/lib/neo4j/lib/neo4j-procedure-5.26.15.jar
                                                                 [classpath] /var/lib/neo4j/lib/jakarta.validation-api-2.0.2.jar
                                                                 [classpath] /var/lib/neo4j/lib/picocli-4.7.6.jar
                                                                 [classpath] /var/lib/neo4j/lib/neo4j-cypher-config-5.26.15.jar
                                                                 [classpath] /var/lib/neo4j/lib/jackson-jaxrs-json-provider-2.18.0.jar
                                                                 [classpath] /var/lib/neo4j/lib/cypher-parser-common-5.26.15.jar
                                                                 [classpath] /var/lib/neo4j/lib/hk2-utils-2.6.1.jar
                                                                 [classpath] /var/lib/neo4j/lib/stax-ex-1.8.1.jar
                                                                 [classpath] /var/lib/neo4j/lib/neo4j-csv-5.26.15.jar
                                                                 [classpath] /var/lib/neo4j/lib/jetty-xml-12.0.25.jar
                                                                 [classpath] /var/lib/neo4j/lib/txw2-2.3.2.jar
                                                                 [classpath] /var/lib/neo4j/lib/server-api-5.26.15.jar
                                                                 [classpath] /var/lib/neo4j/lib/log4j-api-2.20.0.jar
                                                                 [classpath] /var/lib/neo4j/lib/commons-io-2.17.0.jar
                                                                 [classpath] /var/lib/neo4j/lib/neo4j-bolt-connection-pooled-6.0.2.jar
                                                                 [classpath] /var/lib/neo4j/lib/neo4j-logging-5.26.15.jar
                                                                 [classpath] /var/lib/neo4j/lib/neo4j-expressions-5.26.15.jar
                                                                 [classpath] /var/lib/neo4j/lib/jetty-ee8-security-12.0.25.jar
                                                                 [classpath] /var/lib/neo4j/lib/argparse4j-0.9.0.jar
                                                                 [classpath] /var/lib/neo4j/lib/log4j-core-2.20.0.jar
                                                                 [classpath] /var/lib/neo4j/lib/neo4j-consistency-check-5.26.15.jar
                                                                 [classpath] /var/lib/neo4j/lib/neo4j-fabric-5.26.15.jar
                                                                 [classpath] /var/lib/neo4j/lib/neo4j-bolt-connection-routed-6.0.2.jar
                                                                 [classpath] /var/lib/neo4j/lib/neo4j-token-api-5.26.15.jar
                                                                 [classpath] /var/lib/neo4j/lib/neo4j-cypher-logical-plans-5.26.15.jar
                                                                 [classpath] /var/lib/neo4j/lib/neo4j-import-tool-5.26.15.jar
                                                                 [classpath] /var/lib/neo4j/lib/neo4j-collections-5.26.15.jar
                                                                 [classpath] /var/lib/neo4j/lib/neo4j-codegen-5.26.15.jar
                                                                 [classpath] /var/lib/neo4j/lib/netty-buffer-4.1.127.Final.jar
                                                                 [classpath] /var/lib/neo4j/lib/neo4j-cypher-cache-5.26.15.jar
                                                                 [classpath] /var/lib/neo4j/lib/neo4j-layout-5.26.15.jar
                                                                 [classpath] /var/lib/neo4j/lib/shiro-crypto-core-2.0.1.jar
                                                                 [classpath] /var/lib/neo4j/lib/lucene-backward-codecs-9.11.1.jar
                                                                 [classpath] /var/lib/neo4j/lib/jetty-session-12.0.25.jar
                                                                 [classpath] /var/lib/neo4j/lib/neo4j-push-to-cloud-5.26.15.jar
                                                                 [classpath] /var/lib/neo4j/lib/netty-transport-native-kqueue-4.1.127.Final-osx-aarch_64.jar
                                                                 [classpath] /var/lib/neo4j/lib/neo4j-values-5.26.15.jar
                                                                 [classpath] /var/lib/neo4j/lib/jackson-annotations-2.18.0.jar
                                                                 [classpath] /var/lib/neo4j/lib/jetty-alpn-server-12.0.25.jar
                                                                 [classpath] /var/lib/neo4j/lib/neo4j-cypher-ir-5.26.15.jar
                                                                 [classpath] /var/lib/neo4j/lib/shiro-cache-2.0.1.jar
                                                                 [classpath] /var/lib/neo4j/lib/neo4j-cypher-5.26.15.jar
                                                                 [classpath] /var/lib/neo4j/lib/scala-collection-contrib_2.13-0.3.0.jar
                                                                 [classpath] /var/lib/neo4j/lib/jersey-container-servlet-2.43.jar
                                                                 [classpath] /var/lib/neo4j/lib/netty-transport-classes-kqueue-4.1.127.Final.jar
                                                                 [classpath] /var/lib/neo4j/lib/neo4j-ast-5.26.15.jar
                                                                 [classpath] /var/lib/neo4j/lib/annotations-5.26.15.jar
                                                                 [classpath] /var/lib/neo4j/lib/commons-codec-1.17.1.jar
                                                                 [classpath] /var/lib/neo4j/lib/neo4j-cypher-planner-5.26.15.jar
                                                                 [classpath] /var/lib/neo4j/lib/cypher-v5-parser-listener-5.26.15.jar
                                                                 [classpath] /var/lib/neo4j/lib/parquet-column-1.15.2.jar
                                                                 [classpath] /var/lib/neo4j/lib/jPowerShell-3.0.jar
                                                                 [classpath] /var/lib/neo4j/lib/parquet-encoding-1.15.2.jar
                                                                 [classpath] /var/lib/neo4j/lib/shiro-hashes-argon2-2.0.1.jar
                                                                 [classpath] /var/lib/neo4j/lib/netty-codec-4.1.127.Final.jar
                                                                 [classpath] /var/lib/neo4j/lib/neo4j-wal-5.26.15.jar
                                                                 [classpath] /var/lib/neo4j/lib/neo4j-cypher-rendering-5.26.15.jar
                                                                 [classpath] /var/lib/neo4j/lib/reactive-streams-1.0.4.jar
                                                                 [classpath] /var/lib/neo4j/lib/parquet-hadoop-1.15.2.jar
                                                                 [classpath] /var/lib/neo4j/lib/cypher-antlr-common-5.26.15.jar
                                                                 [classpath] /var/lib/neo4j/lib/neo4j-ssl-5.26.15.jar
                                                                 [classpath] /var/lib/neo4j/lib/netty-resolver-4.1.127.Final.jar
                                                                 [classpath] /var/lib/neo4j/lib/neo4j-bootcheck-5.26.15.jar
                                                                 [classpath] /var/lib/neo4j/lib/cypher-parser-ast-common-5.26.15.jar
                                                                 [classpath] /var/lib/neo4j/lib/parquet-format-structures-1.15.2.jar
                                                                 [classpath] /var/lib/neo4j/lib/shiro-crypto-hash-2.0.1.jar
                                                                 [classpath] /var/lib/neo4j/lib/neo4j-monitoring-5.26.15.jar
                                                                 [classpath] /var/lib/neo4j/lib/jaxb-api-2.2.12.jar
                                                                 [classpath] /var/lib/neo4j/lib/jetty-io-12.0.25.jar
                                                                 [classpath] /var/lib/neo4j/lib/jersey-container-servlet-core-2.43.jar
                                                                 [classpath] /var/lib/neo4j/lib/neo4j-cypher-dsl-2024.2.0.jar
                                                                 [classpath] /var/lib/neo4j/lib/jersey-client-2.43.jar
                                                                 [classpath] /var/lib/neo4j/lib/neo4j-graph-algo-5.26.15.jar
                                                                 [classpath] /var/lib/neo4j/lib/shiro-core-2.0.1.jar
                                                                 [classpath] /var/lib/neo4j/lib/jersey-server-2.43.jar
                                                                 [classpath] /var/lib/neo4j/lib/javax.annotation-api-1.3.2.jar
                                                                 [classpath] /var/lib/neo4j/lib/jna-5.15.0.jar
                                                                 [classpath] /var/lib/neo4j/lib/neo4j-bolt-connection-netty-6.0.2.jar
                                                                 [classpath] /var/lib/neo4j/lib/neo4j-cypher-macros-5.26.15.jar
                                                                 [classpath] /var/lib/neo4j/lib/neo4j-security-5.26.15.jar
                                                                 [classpath] /var/lib/neo4j/lib/jetty-http2-common-12.0.25.jar
                                                                 [classpath] /var/lib/neo4j/lib/shiro-hashes-bcrypt-2.0.1.jar
                                                                 [classpath] /var/lib/neo4j/lib/neo4j-lucene-index-5.26.15.jar
                                                                 [classpath] /var/lib/neo4j/lib/neo4j-common-5.26.15.jar
                                                                 [classpath] /var/lib/neo4j/lib/neo4j-storage-engine-util-5.26.15.jar
                                                                 [classpath] /var/lib/neo4j/lib/netty-transport-classes-epoll-4.1.127.Final.jar
                                                                 [classpath] /var/lib/neo4j/lib/neo4j-5.26.15.jar
                                                                 [classpath] /var/lib/neo4j/lib/aircompressor-2.0.2.jar
                                                                 [classpath] /var/lib/neo4j/lib/parquet-floor-1.51.jar
                                                                 [classpath] /var/lib/neo4j/lib/netty-tcnative-classes-2.0.73.Final.jar
                                                                 [classpath] /var/lib/neo4j/lib/commons-configuration2-2.11.0.jar
                                                                 [classpath] /var/lib/neo4j/lib/neo4j-browser-ce-2025.8.0.jar
                                                                 [classpath] /var/lib/neo4j/lib/jline-terminal-jansi-3.21.0.jar
                                                                 [classpath] /var/lib/neo4j/lib/netty-transport-4.1.127.Final.jar
                                                                 [classpath] /var/lib/neo4j/lib/hk2-api-2.6.1.jar
                                                                 [classpath] /var/lib/neo4j/lib/shiro-config-core-2.0.1.jar
                                                                 [classpath] /var/lib/neo4j/lib/netty-handler-4.1.127.Final.jar
                                                                 [classpath] /var/lib/neo4j/lib/neo4j-notifications-5.26.15.jar
                                                                 [classpath] /var/lib/neo4j/lib/neo4j-bolt-5.26.15.jar
                                                                 [classpath] /var/lib/neo4j/lib/neo4j-concurrent-5.26.15.jar
                                                                 [classpath] /var/lib/neo4j/lib/neo4j-configuration-5.26.15.jar
                                                                 [classpath] /var/lib/neo4j/lib/shiro-event-2.0.1.jar
                                                                 [classpath] /var/lib/neo4j/lib/neo4j-cypher-javacc-parser-5.26.15.jar
                                                                 [classpath] /var/lib/neo4j/lib/neo4j-kernel-api-5.26.15.jar
                                                                 [classpath] /var/lib/neo4j/lib/commons-logging-1.3.4.jar
                                                                 [classpath] /var/lib/neo4j/lib/jakarta.activation-api-1.2.2.jar
                                                                 [classpath] /var/lib/neo4j/plugins/*
                                                                 [classpath] /var/lib/neo4j/lib/neo4j-cypher-expression-evaluator-5.26.15.jar
                                                                 [classpath] /var/lib/neo4j/lib/neo4j-udc-5.26.15.jar
                                                                 [classpath] /var/lib/neo4j/lib/jettison-1.5.4.jar
                                                                 [classpath] /var/lib/neo4j/lib/jakarta.inject-2.6.1.jar
                                                                 [classpath] /var/lib/neo4j/lib/slf4j-api-2.0.9.jar
                                                                 [classpath] /var/lib/neo4j/lib/jline-reader-3.21.0.jar
                                                                 [classpath] /var/lib/neo4j/lib/FastInfoset-1.2.16.jar
                                                                 [classpath] /var/lib/neo4j/lib/jetty-alpn-java-server-12.0.25.jar
                                                                 [classpath] /var/lib/neo4j/lib/javassist-3.30.2-GA.jar
                                                                 [classpath] /var/lib/neo4j/lib/cypher-parser-factory-5.26.15.jar
                                                                 [classpath] /var/lib/neo4j/lib/netty-common-4.1.127.Final.jar
                                                                 [classpath] /var/lib/neo4j/lib/neo4j-java-driver-5.28.10.jar
                                                                 [classpath] /var/lib/neo4j/lib/neo4j-capabilities-5.26.15.jar
                                                                 [classpath] /var/lib/neo4j/lib/jersey-hk2-2.43.jar
                                                                 [classpath] /var/lib/neo4j/lib/zstd-proxy-5.26.15.jar
                                                                 [classpath] /var/lib/neo4j/lib/netty-transport-native-unix-common-4.1.127.Final.jar
                                                                 [classpath] /var/lib/neo4j/lib/cypher-v25-parser-listener-5.26.15.jar
                                                                 [classpath] /var/lib/neo4j/lib/neo4j-front-end-5.26.15.jar
                                                                 [classpath] /var/lib/neo4j/lib/cypher-v5-literal-interpreter-5.26.15.jar
                                                                 [classpath] /var/lib/neo4j/lib/shiro-crypto-cipher-2.0.1.jar
                                                                 [classpath] /var/lib/neo4j/lib/neo4j-record-storage-engine-5.26.15.jar
                                                                 [classpath] /var/lib/neo4j/lib/neo4j-diagnostics-5.26.15.jar
                                                                 [classpath] /var/lib/neo4j/lib/neo4j-dbms-5.26.15.jar
                                                                 [classpath] /var/lib/neo4j/lib/jetty-http2-hpack-12.0.25.jar
                                                                 [classpath] /var/lib/neo4j/lib/neo4j-lock-5.26.15.jar
                                                                 [classpath] /var/lib/neo4j/lib/parquet-common-1.15.2.jar
                                                                 [classpath] /var/lib/neo4j/lib/commons-lang3-3.18.0.jar
                                                                 [classpath] /var/lib/neo4j/lib/netty-transport-native-kqueue-4.1.127.Final-osx-x86_64.jar
                                                                 [classpath] /var/lib/neo4j/lib/scala-reflect-2.13.11.jar
                                                                 [classpath] /var/lib/neo4j/lib/neo4j-id-generator-5.26.15.jar
                                                                 [classpath] /var/lib/neo4j/lib/jakarta.annotation-api-1.3.5.jar
                                                                 [classpath] /var/lib/neo4j/lib/jctools-core-4.0.5.jar
                                                                 [classpath] /var/lib/neo4j/lib/netty-transport-native-epoll-4.1.127.Final-linux-x86_64.jar
                                                                 [classpath] /var/lib/neo4j/lib/jackson-core-2.18.0.jar
                                                                 [classpath] /var/lib/neo4j/lib/jersey-common-2.43.jar
                                                                 [classpath] /var/lib/neo4j/lib/log4j-layout-template-json-2.20.0.jar
                                                                 [classpath] /var/lib/neo4j/lib/neo4j-unsafe-5.26.15.jar
                                                                 [classpath] /var/lib/neo4j/lib/jetty-ee8-servlet-12.0.25.jar
                                                                 [classpath] /var/lib/neo4j/lib/lucene-core-9.11.1.jar
                                                                 [classpath] /var/lib/neo4j/lib/neo4j-fulltext-index-5.26.15.jar
                                                                 [classpath] /var/lib/neo4j/lib/jackson-jaxrs-base-2.18.0.jar
                                                                
2025-11-04 03:27:51.925+0000 INFO  [o.n.i.d.DiagnosticsManager] 
                                                                --------------------------------------------------------------------------------
                                                                                                [ Library path ]                                
                                                                --------------------------------------------------------------------------------
                                                                /usr/java/packages/lib
                                                                /usr/lib64
                                                                /lib64
                                                                /lib
                                                                /usr/lib
                                                                
2025-11-04 03:27:51.932+0000 INFO  [o.n.i.d.DiagnosticsManager] 
                                                                --------------------------------------------------------------------------------
                                                                                             [ System properties ]                              
                                                                --------------------------------------------------------------------------------
                                                                jdk.tls.rejectClientInitiatedRenegotiation = true
                                                                sun.jnu.encoding = UTF-8
                                                                log4j.layout.jsonTemplate.maxStringLength = 32768
                                                                sun.arch.data.model = 64
                                                                user.timezone = Etc/UTC
                                                                sun.java.launcher = SUN_STANDARD
                                                                sun.boot.library.path = /opt/java/openjdk/lib
                                                                sun.java.command = org.neo4j.server.CommunityEntryPoint --home-dir=/var/lib/neo4j --config-dir=/var/lib/neo4j/conf --console-mode
                                                                jdk.debug = release
                                                                io.netty.tryReflectionSetAccessible = true
                                                                sun.cpu.endian = little
                                                                user.home = /var/lib/neo4j
                                                                user.language = en
                                                                file.separator = /
                                                                jdk.tls.ephemeralDHKeySize = 2048
                                                                sun.management.compiler = HotSpot 64-Bit Tiered Compilers
                                                                user.name = neo4j
                                                                jdk.nio.maxCachedBufferSize = 1024
                                                                path.separator = :
                                                                file.encoding = UTF-8
                                                                jnidispatch.path = /var/lib/neo4j/.cache/JNA/temp/jna2234960926475657960.tmp
                                                                jna.loaded = true
                                                                user.dir = /var/lib/neo4j
                                                                native.encoding = UTF-8
                                                                sun.io.unicode.encoding = UnicodeLittle
                                                                log4j2.disable.jmx = true
                                                                
2025-11-04 03:27:51.933+0000 INFO  [o.n.i.d.DiagnosticsManager] 
                                                                --------------------------------------------------------------------------------
                                                                                      [ (IANA) TimeZone database version ]                      
                                                                --------------------------------------------------------------------------------
                                                                  TimeZone version: 2025b (available for 604 zone identifiers)
                                                                
2025-11-04 03:27:51.934+0000 INFO  [o.n.i.d.DiagnosticsManager] 
                                                                --------------------------------------------------------------------------------
                                                                                            [ Network information ]                             
                                                                --------------------------------------------------------------------------------
                                                                Interface eth0:
                                                                    address: 172.21.0.4
                                                                Interface lo:
                                                                    address: 0:0:0:0:0:0:0:1%lo
                                                                    address: 127.0.0.1
                                                                
2025-11-04 03:27:51.934+0000 INFO  [o.n.i.d.DiagnosticsManager] 
                                                                --------------------------------------------------------------------------------
                                                                                         [ Native access information ]                          
                                                                --------------------------------------------------------------------------------
                                                                Native access details: Linux native access is available.
                                                                
2025-11-04 03:27:51.934+0000 INFO  [o.n.i.d.DiagnosticsManager] 
                                                                --------------------------------------------------------------------------------
                                                                                                [ DBMS config ]                                 
                                                                --------------------------------------------------------------------------------
                                                                DBMS provided settings:
                                                                db.tx_log.rotation.retention_policy=2 days 2G
                                                                server.bolt.enabled=true
                                                                server.default_listen_address=0.0.0.0
                                                                server.directories.import=/var/lib/neo4j/import
                                                                server.directories.logs=/logs
                                                                server.directories.neo4j_home=/var/lib/neo4j
                                                                server.http.enabled=true
                                                                server.https.enabled=false
                                                                server.jvm.additional=-XX:+UseG1GC
-XX:-OmitStackTraceInFastThrow
-XX:+AlwaysPreTouch
-XX:+UnlockExperimentalVMOptions
-XX:+TrustFinalNonStaticFields
-XX:+DisableExplicitGC
-Djdk.nio.maxCachedBufferSize=1024
-Dio.netty.tryReflectionSetAccessible=true
-Djdk.tls.ephemeralDHKeySize=2048
-Djdk.tls.rejectClientInitiatedRenegotiation=true
-XX:FlightRecorderOptions=stackdepth=256
-XX:+UnlockDiagnosticVMOptions
-XX:+DebugNonSafepoints
--add-opens=java.base/java.nio=ALL-UNNAMED
--add-opens=java.base/java.io=ALL-UNNAMED
--add-opens=java.base/sun.nio.ch=ALL-UNNAMED
--enable-native-access=ALL-UNNAMED
-Dlog4j2.disable.jmx=true
-Dlog4j.layout.jsonTemplate.maxStringLength=32768
                                                                server.memory.pagecache.size=512.00MiB
                                                                server.windows_service_name=neo4j
                                                                Directories in use:
                                                                server.directories.data=/var/lib/neo4j/data
                                                                server.directories.dumps.root=/var/lib/neo4j/data/dumps
                                                                server.directories.import=/var/lib/neo4j/import
                                                                server.directories.lib=/var/lib/neo4j/lib
                                                                server.directories.licenses=/var/lib/neo4j/licenses
                                                                server.directories.logs=/logs
                                                                server.directories.neo4j_home=/var/lib/neo4j
                                                                server.directories.plugins=/var/lib/neo4j/plugins
                                                                server.directories.run=/var/lib/neo4j/run
                                                                server.directories.script.root=/var/lib/neo4j/data/scripts
                                                                server.directories.transaction.logs.root=/var/lib/neo4j/data/transactions
                                                                
2025-11-04 03:27:51.935+0000 INFO  [o.n.i.d.DiagnosticsManager] 
                                                                --------------------------------------------------------------------------------
                                                                                                 [ Packaging ]                                  
                                                                --------------------------------------------------------------------------------
                                                                Edition: Community
                                                                Package Type: docker bullseye
                                                                
2025-11-04 03:27:51.990+0000 INFO  [o.n.d.i.DefaultIdentityModule] Found ServerId on disk: ServerId{df0edcd4} (df0edcd4-2abb-4233-96c2-6eea53b41bac)
2025-11-04 03:27:51.993+0000 INFO  [o.n.d.i.DefaultIdentityModule] This instance is ServerId{df0edcd4} (df0edcd4-2abb-4233-96c2-6eea53b41bac)
2025-11-04 03:27:53.957+0000 INFO  [o.n.s.CommunityNeoWebServer] ======== Neo4j 5.26.15 ========
2025-11-04 03:27:53.985+0000 INFO  [o.n.d.d.DatabaseLifecycles] Creating 'DatabaseId{00000000[system]}'.
2025-11-04 03:27:54.290+0000 INFO  [o.n.b.BoltServer] Using connector transport epoll
2025-11-04 03:27:54.402+0000 INFO  [o.n.b.BoltServer] Configured external Bolt connector with listener address /0.0.0.0:7687
2025-11-04 03:27:54.406+0000 INFO  [o.n.b.BoltServer] Bolt server loaded
2025-11-04 03:27:54.461+0000 INFO  [o.n.d.d.DatabaseLifecycles] Starting 'DatabaseId{00000000[system]}'.
2025-11-04 03:27:55.280+0000 INFO  [o.n.k.i.t.l.f.c.CheckpointLogFile] [system/00000000] Scanning log file with version 0 for checkpoint entries
2025-11-04 03:27:55.443+0000 INFO  [o.n.k.i.s.f.RecordFormatSelector] [system/00000000] Selected RecordFormat:PageAlignedV5_0[aligned-1.1] record format from store /data/databases/system
2025-11-04 03:27:55.443+0000 INFO  [o.n.k.i.s.f.RecordFormatSelector] [system/00000000] Selected format from the store files: RecordFormat:PageAlignedV5_0[aligned-1.1]
2025-11-04 03:27:56.521+0000 INFO  [o.n.i.d.DiagnosticsManager] [system/00000000] 
                                                                [system/00000000] ********************************************************************************
                                                                [system/00000000]                               [ Database: system ]                              
                                                                [system/00000000] ********************************************************************************
                                                                [system/00000000] --------------------------------------------------------------------------------
                                                                [system/00000000]                                   [ Version ]                                   
                                                                [system/00000000] --------------------------------------------------------------------------------
                                                                [system/00000000] DBMS: community record-aligned-1.1
                                                                [system/00000000] Kernel version: 5.26.15
                                                                [system/00000000] 
                                                                [system/00000000] --------------------------------------------------------------------------------
                                                                [system/00000000]                                 [ Store files ]                                 
                                                                [system/00000000] --------------------------------------------------------------------------------
                                                                [system/00000000] Disk space on partition (Total / Free / Free %): 12000119746560 / 5362276798464 / 44
                                                                [system/00000000] Storage files stored on file store: 9p
                                                                [system/00000000] Storage files: (filename : modification date - size)
                                                                [system/00000000]   database_lock: 2025-11-02 22:22:22.376+0000 - 0B
                                                                [system/00000000]   id-buffer.tmp.0: 2025-11-03 21:33:16.052+0000 - 0B
                                                                [system/00000000]   neostore: 2025-11-02 22:22:22.177+0000 - 8.000KiB
                                                                [system/00000000]   neostore.counts.db: 2025-11-04 03:27:56.062+0000 - 48.00KiB
                                                                [system/00000000]   neostore.indexstats.db: 2025-11-04 03:27:56.121+0000 - 48.00KiB
                                                                [system/00000000]   neostore.labeltokenstore.db: 2025-11-02 22:37:47.322+0000 - 8.000KiB
                                                                [system/00000000]   neostore.labeltokenstore.db.id: 2025-11-04 03:27:55.928+0000 - 40.00KiB
                                                                [system/00000000]   neostore.labeltokenstore.db.names: 2025-11-02 22:37:47.356+0000 - 8.000KiB
                                                                [system/00000000]   neostore.labeltokenstore.db.names.id: 2025-11-04 03:27:55.901+0000 - 40.00KiB
                                                                [system/00000000]   neostore.nodestore.db: 2025-11-02 22:37:47.371+0000 - 8.000KiB
                                                                [system/00000000]   neostore.nodestore.db.id: 2025-11-04 03:27:55.575+0000 - 40.00KiB
                                                                [system/00000000]   neostore.nodestore.db.labels: 2025-11-02 22:22:21.989+0000 - 8.000KiB
                                                                [system/00000000]   neostore.nodestore.db.labels.id: 2025-11-04 03:27:55.536+0000 - 40.00KiB
                                                                [system/00000000]   neostore.propertystore.db: 2025-11-02 22:37:47.332+0000 - 8.000KiB
                                                                [system/00000000]   neostore.propertystore.db.arrays: 2025-11-02 22:22:22.051+0000 - 8.000KiB
                                                                [system/00000000]   neostore.propertystore.db.arrays.id: 2025-11-04 03:27:55.728+0000 - 40.00KiB
                                                                [system/00000000]   neostore.propertystore.db.id: 2025-11-04 03:27:55.756+0000 - 40.00KiB
                                                                [system/00000000]   neostore.propertystore.db.index: 2025-11-02 22:37:47.337+0000 - 8.000KiB
                                                                [system/00000000]   neostore.propertystore.db.index.id: 2025-11-04 03:27:55.640+0000 - 40.00KiB
                                                                [system/00000000]   neostore.propertystore.db.index.keys: 2025-11-02 22:37:47.395+0000 - 8.000KiB
                                                                [system/00000000]   neostore.propertystore.db.index.keys.id: 2025-11-04 03:27:55.602+0000 - 40.00KiB
                                                                [system/00000000]   neostore.propertystore.db.strings: 2025-11-02 22:37:47.387+0000 - 8.000KiB
                                                                [system/00000000]   neostore.propertystore.db.strings.id: 2025-11-04 03:27:55.681+0000 - 40.00KiB
                                                                [system/00000000]   neostore.relationshipgroupstore.db: 2025-11-02 22:22:22.161+0000 - 8.000KiB
                                                                [system/00000000]   neostore.relationshipgroupstore.db.id: 2025-11-04 03:27:55.994+0000 - 40.00KiB
                                                                [system/00000000]   neostore.relationshipgroupstore.degrees.db: 2025-11-04 03:27:56.089+0000 - 40.00KiB
                                                                [system/00000000]   neostore.relationshipstore.db: 2025-11-02 22:37:47.364+0000 - 8.000KiB
                                                                [system/00000000]   neostore.relationshipstore.db.id: 2025-11-04 03:27:55.789+0000 - 40.00KiB
                                                                [system/00000000]   neostore.relationshiptypestore.db: 2025-11-02 22:37:47.403+0000 - 8.000KiB
                                                                [system/00000000]   neostore.relationshiptypestore.db.id: 2025-11-04 03:27:55.865+0000 - 40.00KiB
                                                                [system/00000000]   neostore.relationshiptypestore.db.names: 2025-11-02 22:37:47.313+0000 - 8.000KiB
                                                                [system/00000000]   neostore.relationshiptypestore.db.names.id: 2025-11-04 03:27:55.818+0000 - 40.00KiB
                                                                [system/00000000]   neostore.schemastore.db: 2025-11-02 22:37:47.347+0000 - 8.000KiB
                                                                [system/00000000]   neostore.schemastore.db.id: 2025-11-04 03:27:55.966+0000 - 40.00KiB
                                                                [system/00000000]   schema:
                                                                [system/00000000]     index:
                                                                [system/00000000]       range-1.0:
                                                                [system/00000000]         3:
                                                                [system/00000000]           index-3: 2025-11-03 21:33:15.815+0000 - 48.00KiB
                                                                [system/00000000]         - Total: 2025-11-02 22:22:36.893+0000 - 48.00KiB
                                                                [system/00000000]         4:
                                                                [system/00000000]           index-4: 2025-11-03 21:33:15.899+0000 - 48.00KiB
                                                                [system/00000000]         - Total: 2025-11-02 22:22:37.022+0000 - 48.00KiB
                                                                [system/00000000]         7:
                                                                [system/00000000]           index-7: 2025-11-03 21:33:15.945+0000 - 48.00KiB
                                                                [system/00000000]         - Total: 2025-11-02 22:22:37.396+0000 - 48.00KiB
                                                                [system/00000000]         8:
                                                                [system/00000000]           index-8: 2025-11-03 21:33:15.988+0000 - 48.00KiB
                                                                [system/00000000]         - Total: 2025-11-02 22:22:37.499+0000 - 48.00KiB
                                                                [system/00000000]         9:
                                                                [system/00000000]           index-9: 2025-11-03 21:33:16.032+0000 - 48.00KiB
                                                                [system/00000000]         - Total: 2025-11-02 22:22:37.620+0000 - 48.00KiB
                                                                [system/00000000]       - Total: 2025-11-02 22:22:37.617+0000 - 240.0KiB
                                                                [system/00000000]       token-lookup-1.0:
                                                                [system/00000000]         1:
                                                                [system/00000000]           index-1: 2025-11-03 21:33:15.721+0000 - 48.00KiB
                                                                [system/00000000]         - Total: 2025-11-02 22:22:36.204+0000 - 48.00KiB
                                                                [system/00000000]         2:
                                                                [system/00000000]           index-2: 2025-11-03 21:33:15.763+0000 - 48.00KiB
                                                                [system/00000000]         - Total: 2025-11-02 22:22:36.104+0000 - 48.00KiB
                                                                [system/00000000]       - Total: 2025-11-02 22:22:36.189+0000 - 96.00KiB
                                                                [system/00000000]     - Total: 2025-11-02 22:22:36.885+0000 - 336.0KiB
                                                                [system/00000000]   - Total: 2025-11-02 22:22:36.091+0000 - 336.0KiB
                                                                [system/00000000] Storage summary: 
                                                                [system/00000000]   Total size of store: 1.125MiB
                                                                [system/00000000]   Total size of mapped files: 456.0KiB
                                                                [system/00000000] 
                                                                [system/00000000] --------------------------------------------------------------------------------
                                                                [system/00000000]                               [ Transaction log ]                               
                                                                [system/00000000] --------------------------------------------------------------------------------
                                                                [system/00000000] Transaction log files stored on file store: 9p
                                                                [system/00000000] Transaction log metadata:
                                                                [system/00000000]  - current kernel version used in transactions: V5_25
                                                                [system/00000000]  - last committed transaction id: 41
                                                                [system/00000000] Transaction log files:
                                                                [system/00000000]  - existing transaction log versions: 0-0
                                                                [system/00000000]  - oldest append index 2 found in log with version 0
                                                                [system/00000000]  - files: (filename : creation date - size)
                                                                [system/00000000]      neostore.transaction.db.0: 2025-11-02 22:22:37.839+0000 - 256.0MiB
                                                                [system/00000000]  - total size of files: 256.0MiB
                                                                [system/00000000] Checkpoint log files:
                                                                [system/00000000]  - existing checkpoint log versions: 0-0
                                                                [system/00000000]  - last checkpoint: CheckpointInfo[oldestNotVisibleTransactionLogPosition=LogPosition{logVersion=0, byteOffset=24028}, transactionLogPosition=LogPosition{logVersion=0, byteOffset=24028}, storeId=StoreId{creationTime=1762122142174, random=6435625569494844042, storageEngineName='record', formatName='aligned', majorVersion=1, minorVersion=1}, checkpointEntryPosition=LogPosition{logVersion=0, byteOffset=592}, channelPositionAfterCheckpoint=LogPosition{logVersion=0, byteOffset=824}, checkpointFilePostReadPosition=LogPosition{logVersion=0, byteOffset=824}, kernelVersion=KernelVersion{V5_25,version=20}, kernelVersionByte=20, transactionId=TransactionId[id=41, appendIndex=41, kernelVersion=KernelVersion{V5_25,version=20}, checksum=-377305712, commitTimestamp=1762122157839, consensusIndex=-1], appendIndex=41, reason=Checkpoint triggered by "Database shutdown" @ txId: 41, append index: 41, consensusIndexInCheckpoint=true]
                                                                [system/00000000] 
                                                                [system/00000000] --------------------------------------------------------------------------------
                                                                [system/00000000]                                   [ Id usage ]                                  
                                                                [system/00000000] --------------------------------------------------------------------------------
                                                                [system/00000000] ArrayPropertyStore[neostore.nodestore.db.labels]: used=1 high=0
                                                                [system/00000000] NodeStore[neostore.nodestore.db]: used=7 high=6
                                                                [system/00000000] StringPropertyStore[neostore.propertystore.db.index.keys]: used=47 high=46
                                                                [system/00000000] PropertyIndexStore[neostore.propertystore.db.index]: used=33 high=32
                                                                [system/00000000] StringPropertyStore[neostore.propertystore.db.strings]: used=3 high=2
                                                                [system/00000000] ArrayPropertyStore[neostore.propertystore.db.arrays]: used=1 high=0
                                                                [system/00000000] PropertyStore[neostore.propertystore.db]: used=73 high=72
                                                                [system/00000000] RelationshipStore[neostore.relationshipstore.db]: used=3 high=2
                                                                [system/00000000] StringPropertyStore[neostore.relationshiptypestore.db.names]: used=3 high=2
                                                                [system/00000000] RelationshipTypeStore[neostore.relationshiptypestore.db]: used=2 high=1
                                                                [system/00000000] StringPropertyStore[neostore.labeltokenstore.db.names]: used=6 high=5
                                                                [system/00000000] LabelTokenStore[neostore.labeltokenstore.db]: used=5 high=4
                                                                [system/00000000] SchemaStore[neostore.schemastore.db]: used=13 high=12
                                                                [system/00000000] RelationshipGroupStore[neostore.relationshipgroupstore.db]: used=1 high=0
                                                                [system/00000000] NeoStore[neostore]: used=-1 high=-1
                                                                [system/00000000] 
                                                                [system/00000000] --------------------------------------------------------------------------------
                                                                [system/00000000]                                   [ Metadata ]                                  
                                                                [system/00000000] --------------------------------------------------------------------------------
                                                                [system/00000000] EXTERNAL_STORE_UUID (Database identifier exposed as external store identity. Generated on creation and never updated): 9ee6e2d8-5ef6-49e3-9fd9-9fc2b0883067
                                                                [system/00000000] DATABASE_ID (The last used DatabaseId for this database): null
                                                                [system/00000000] LEGACY_STORE_VERSION (Legacy store format version. This field is used from 5.0 onwards only to distinguish non-migrated pre 5.0 metadata stores.): -3523014627327384477
                                                                [system/00000000] STORE_ID (Store ID): StoreId{creationTime=1762122142174, random=6435625569494844042, storageEngineName='record', formatName='aligned', majorVersion=1, minorVersion=1}
                                                                [system/00000000] 
2025-11-04 03:27:56.660+0000 INFO  [o.n.k.i.i.s.TokenIndexProvider] [system/00000000] Schema index cleanup job registered: descriptor=Index( id=1, name='index_343aff4e', type='LOOKUP', schema=(:<any-labels>), indexProvider='token-lookup-1.0' ), indexFile=/data/databases/system/schema/index/token-lookup-1.0/1/index-1
2025-11-04 03:27:56.661+0000 INFO  [o.n.k.i.i.s.TokenIndexProvider] [system/00000000] Schema index cleanup job started: descriptor=Index( id=1, name='index_343aff4e', type='LOOKUP', schema=(:<any-labels>), indexProvider='token-lookup-1.0' ), indexFile=/data/databases/system/schema/index/token-lookup-1.0/1/index-1
2025-11-04 03:27:56.671+0000 INFO  [o.n.k.i.i.s.TokenIndexProvider] [system/00000000] Schema index cleanup job finished: descriptor=Index( id=1, name='index_343aff4e', type='LOOKUP', schema=(:<any-labels>), indexProvider='token-lookup-1.0' ), indexFile=/data/databases/system/schema/index/token-lookup-1.0/1/index-1 Number of pages visited: 3, Number of tree nodes: 2, Number of cleaned crashed pointers: 0, Time spent: 8ms
2025-11-04 03:27:56.672+0000 INFO  [o.n.k.i.i.s.TokenIndexProvider] [system/00000000] Schema index cleanup job closed: descriptor=Index( id=1, name='index_343aff4e', type='LOOKUP', schema=(:<any-labels>), indexProvider='token-lookup-1.0' ), indexFile=/data/databases/system/schema/index/token-lookup-1.0/1/index-1
2025-11-04 03:27:56.702+0000 INFO  [o.n.k.i.i.s.TokenIndexProvider] [system/00000000] Schema index cleanup job registered: descriptor=Index( id=2, name='index_f7700477', type='LOOKUP', schema=()-[:<any-types>]-(), indexProvider='token-lookup-1.0' ), indexFile=/data/databases/system/schema/index/token-lookup-1.0/2/index-2
2025-11-04 03:27:56.703+0000 INFO  [o.n.k.i.i.s.TokenIndexProvider] [system/00000000] Schema index cleanup job started: descriptor=Index( id=2, name='index_f7700477', type='LOOKUP', schema=()-[:<any-types>]-(), indexProvider='token-lookup-1.0' ), indexFile=/data/databases/system/schema/index/token-lookup-1.0/2/index-2
2025-11-04 03:27:56.714+0000 INFO  [o.n.k.i.i.s.TokenIndexProvider] [system/00000000] Schema index cleanup job finished: descriptor=Index( id=2, name='index_f7700477', type='LOOKUP', schema=()-[:<any-types>]-(), indexProvider='token-lookup-1.0' ), indexFile=/data/databases/system/schema/index/token-lookup-1.0/2/index-2 Number of pages visited: 3, Number of tree nodes: 2, Number of cleaned crashed pointers: 0, Time spent: 8ms
2025-11-04 03:27:56.715+0000 INFO  [o.n.k.i.i.s.TokenIndexProvider] [system/00000000] Schema index cleanup job closed: descriptor=Index( id=2, name='index_f7700477', type='LOOKUP', schema=()-[:<any-types>]-(), indexProvider='token-lookup-1.0' ), indexFile=/data/databases/system/schema/index/token-lookup-1.0/2/index-2
2025-11-04 03:27:56.749+0000 INFO  [o.n.k.i.i.s.RangeIndexProvider] [system/00000000] Schema index cleanup job registered: descriptor=Index( id=3, name='constraint_798238d6', type='RANGE', schema=(:Label[1] {PropertyKey[11], PropertyKey[12]}), indexProvider='range-1.0', owningConstraint=5 ), indexFile=/data/databases/system/schema/index/range-1.0/3/index-3
2025-11-04 03:27:56.750+0000 INFO  [o.n.k.i.i.s.RangeIndexProvider] [system/00000000] Schema index cleanup job started: descriptor=Index( id=3, name='constraint_798238d6', type='RANGE', schema=(:Label[1] {PropertyKey[11], PropertyKey[12]}), indexProvider='range-1.0', owningConstraint=5 ), indexFile=/data/databases/system/schema/index/range-1.0/3/index-3
2025-11-04 03:27:56.755+0000 INFO  [o.n.k.i.i.s.RangeIndexProvider] [system/00000000] Schema index cleanup job finished: descriptor=Index( id=3, name='constraint_798238d6', type='RANGE', schema=(:Label[1] {PropertyKey[11], PropertyKey[12]}), indexProvider='range-1.0', owningConstraint=5 ), indexFile=/data/databases/system/schema/index/range-1.0/3/index-3 Number of pages visited: 3, Number of tree nodes: 2, Number of cleaned crashed pointers: 0, Time spent: 4ms
2025-11-04 03:27:56.755+0000 INFO  [o.n.k.i.i.s.RangeIndexProvider] [system/00000000] Schema index cleanup job closed: descriptor=Index( id=3, name='constraint_798238d6', type='RANGE', schema=(:Label[1] {PropertyKey[11], PropertyKey[12]}), indexProvider='range-1.0', owningConstraint=5 ), indexFile=/data/databases/system/schema/index/range-1.0/3/index-3
2025-11-04 03:27:56.777+0000 INFO  [o.n.k.i.i.s.RangeIndexProvider] [system/00000000] Schema index cleanup job registered: descriptor=Index( id=4, name='constraint_8014b60a', type='RANGE', schema=(:Label[2] {PropertyKey[11]}), indexProvider='range-1.0', owningConstraint=6 ), indexFile=/data/databases/system/schema/index/range-1.0/4/index-4
2025-11-04 03:27:56.777+0000 INFO  [o.n.k.i.i.s.RangeIndexProvider] [system/00000000] Schema index cleanup job started: descriptor=Index( id=4, name='constraint_8014b60a', type='RANGE', schema=(:Label[2] {PropertyKey[11]}), indexProvider='range-1.0', owningConstraint=6 ), indexFile=/data/databases/system/schema/index/range-1.0/4/index-4
2025-11-04 03:27:56.787+0000 INFO  [o.n.k.i.i.s.RangeIndexProvider] [system/00000000] Schema index cleanup job finished: descriptor=Index( id=4, name='constraint_8014b60a', type='RANGE', schema=(:Label[2] {PropertyKey[11]}), indexProvider='range-1.0', owningConstraint=6 ), indexFile=/data/databases/system/schema/index/range-1.0/4/index-4 Number of pages visited: 3, Number of tree nodes: 2, Number of cleaned crashed pointers: 0, Time spent: 9ms
2025-11-04 03:27:56.788+0000 INFO  [o.n.k.i.i.s.RangeIndexProvider] [system/00000000] Schema index cleanup job closed: descriptor=Index( id=4, name='constraint_8014b60a', type='RANGE', schema=(:Label[2] {PropertyKey[11]}), indexProvider='range-1.0', owningConstraint=6 ), indexFile=/data/databases/system/schema/index/range-1.0/4/index-4
2025-11-04 03:27:56.822+0000 INFO  [o.n.k.i.i.s.RangeIndexProvider] [system/00000000] Schema index cleanup job registered: descriptor=Index( id=7, name='constraint_5789ae3', type='RANGE', schema=(:Label[3] {PropertyKey[11]}), indexProvider='range-1.0', owningConstraint=12 ), indexFile=/data/databases/system/schema/index/range-1.0/7/index-7
2025-11-04 03:27:56.823+0000 INFO  [o.n.k.i.i.s.RangeIndexProvider] [system/00000000] Schema index cleanup job started: descriptor=Index( id=7, name='constraint_5789ae3', type='RANGE', schema=(:Label[3] {PropertyKey[11]}), indexProvider='range-1.0', owningConstraint=12 ), indexFile=/data/databases/system/schema/index/range-1.0/7/index-7
2025-11-04 03:27:56.832+0000 INFO  [o.n.k.i.i.s.RangeIndexProvider] [system/00000000] Schema index cleanup job finished: descriptor=Index( id=7, name='constraint_5789ae3', type='RANGE', schema=(:Label[3] {PropertyKey[11]}), indexProvider='range-1.0', owningConstraint=12 ), indexFile=/data/databases/system/schema/index/range-1.0/7/index-7 Number of pages visited: 3, Number of tree nodes: 2, Number of cleaned crashed pointers: 0, Time spent: 8ms
2025-11-04 03:27:56.833+0000 INFO  [o.n.k.i.i.s.RangeIndexProvider] [system/00000000] Schema index cleanup job closed: descriptor=Index( id=7, name='constraint_5789ae3', type='RANGE', schema=(:Label[3] {PropertyKey[11]}), indexProvider='range-1.0', owningConstraint=12 ), indexFile=/data/databases/system/schema/index/range-1.0/7/index-7
2025-11-04 03:27:56.843+0000 INFO  [o.n.k.i.i.s.RangeIndexProvider] [system/00000000] Schema index cleanup job registered: descriptor=Index( id=8, name='constraint_74fad970', type='RANGE', schema=(:Label[3] {PropertyKey[27]}), indexProvider='range-1.0', owningConstraint=10 ), indexFile=/data/databases/system/schema/index/range-1.0/8/index-8
2025-11-04 03:27:56.844+0000 INFO  [o.n.k.i.i.s.RangeIndexProvider] [system/00000000] Schema index cleanup job started: descriptor=Index( id=8, name='constraint_74fad970', type='RANGE', schema=(:Label[3] {PropertyKey[27]}), indexProvider='range-1.0', owningConstraint=10 ), indexFile=/data/databases/system/schema/index/range-1.0/8/index-8
2025-11-04 03:27:56.855+0000 INFO  [o.n.k.i.i.s.RangeIndexProvider] [system/00000000] Schema index cleanup job finished: descriptor=Index( id=8, name='constraint_74fad970', type='RANGE', schema=(:Label[3] {PropertyKey[27]}), indexProvider='range-1.0', owningConstraint=10 ), indexFile=/data/databases/system/schema/index/range-1.0/8/index-8 Number of pages visited: 3, Number of tree nodes: 2, Number of cleaned crashed pointers: 0, Time spent: 10ms
2025-11-04 03:27:56.856+0000 INFO  [o.n.k.i.i.s.RangeIndexProvider] [system/00000000] Schema index cleanup job closed: descriptor=Index( id=8, name='constraint_74fad970', type='RANGE', schema=(:Label[3] {PropertyKey[27]}), indexProvider='range-1.0', owningConstraint=10 ), indexFile=/data/databases/system/schema/index/range-1.0/8/index-8
2025-11-04 03:27:56.877+0000 INFO  [o.n.k.i.i.s.RangeIndexProvider] [system/00000000] Schema index cleanup job registered: descriptor=Index( id=9, name='auth-constraint', type='RANGE', schema=(:Label[4] {PropertyKey[28], PropertyKey[27]}), indexProvider='range-1.0', owningConstraint=11 ), indexFile=/data/databases/system/schema/index/range-1.0/9/index-9
2025-11-04 03:27:56.877+0000 INFO  [o.n.k.i.i.s.RangeIndexProvider] [system/00000000] Schema index cleanup job started: descriptor=Index( id=9, name='auth-constraint', type='RANGE', schema=(:Label[4] {PropertyKey[28], PropertyKey[27]}), indexProvider='range-1.0', owningConstraint=11 ), indexFile=/data/databases/system/schema/index/range-1.0/9/index-9
2025-11-04 03:27:56.878+0000 INFO  [o.n.k.i.a.i.IndexingService] [system/00000000] IndexingService.init: indexes not specifically mentioned above are ONLINE. Total 7 indexes. Processed in 272ms
2025-11-04 03:27:56.890+0000 INFO  [o.n.k.i.i.s.RangeIndexProvider] [system/00000000] Schema index cleanup job finished: descriptor=Index( id=9, name='auth-constraint', type='RANGE', schema=(:Label[4] {PropertyKey[28], PropertyKey[27]}), indexProvider='range-1.0', owningConstraint=11 ), indexFile=/data/databases/system/schema/index/range-1.0/9/index-9 Number of pages visited: 3, Number of tree nodes: 2, Number of cleaned crashed pointers: 0, Time spent: 12ms
2025-11-04 03:27:56.890+0000 INFO  [o.n.k.i.i.s.RangeIndexProvider] [system/00000000] Schema index cleanup job closed: descriptor=Index( id=9, name='auth-constraint', type='RANGE', schema=(:Label[4] {PropertyKey[28], PropertyKey[27]}), indexProvider='range-1.0', owningConstraint=11 ), indexFile=/data/databases/system/schema/index/range-1.0/9/index-9
2025-11-04 03:27:56.897+0000 INFO  [o.n.k.a.DatabaseAvailabilityGuard] [system/00000000] Requirement `Database unavailable` makes database system unavailable.
2025-11-04 03:27:56.898+0000 INFO  [o.n.k.a.DatabaseAvailabilityGuard] [system/00000000] DatabaseId{00000000[system]} is unavailable.
2025-11-04 03:27:56.919+0000 INFO  [o.n.k.d.Database] [system/00000000] Starting transaction log [/data/transactions/system/neostore.transaction.db.0] at version=0
2025-11-04 03:27:56.930+0000 INFO  [o.n.k.d.Database] [system/00000000] Starting transaction log [/data/transactions/system/checkpoint.0] at version=0
2025-11-04 03:27:56.938+0000 INFO  [o.n.k.i.t.l.f.c.CheckpointLogFile] [system/00000000] Scanning log file with version 0 for checkpoint entries
2025-11-04 03:27:56.955+0000 INFO  [o.n.k.i.a.i.IndexingService] [system/00000000] IndexingService.start: indexes not specifically mentioned above are ONLINE. Total 7 indexes. Processed in 0ms
2025-11-04 03:27:56.963+0000 INFO  [o.n.k.a.DatabaseAvailabilityGuard] [system/00000000] Fulfilling of requirement 'Database unavailable' makes database system available.
2025-11-04 03:27:56.964+0000 INFO  [o.n.k.a.DatabaseAvailabilityGuard] [system/00000000] DatabaseId{00000000[system]} is ready.
2025-11-04 03:27:57.090+0000 INFO  [o.n.s.s.s.UserSecurityGraphComponent] Performing postInitialization step for component 'security-users' with version 5 and status CURRENT
2025-11-04 03:27:57.091+0000 INFO  [o.n.s.s.s.UserSecurityGraphComponent] Updating the initial password in component 'security-users'
2025-11-04 03:27:57.122+0000 INFO  [o.n.d.d.DatabaseLifecycles] Creating 'DatabaseId{c43735b2[neo4j]}'.
2025-11-04 03:27:57.126+0000 INFO  [o.n.d.d.DatabaseLifecycles] Starting 'DatabaseId{c43735b2[neo4j]}'.
2025-11-04 03:27:57.230+0000 INFO  [o.n.k.i.t.l.f.c.CheckpointLogFile] [neo4j/c43735b2] Scanning log file with version 0 for checkpoint entries
2025-11-04 03:27:57.399+0000 INFO  [o.n.k.i.s.f.RecordFormatSelector] [neo4j/c43735b2] Selected RecordFormat:PageAlignedV5_0[aligned-1.1] record format from store /data/databases/neo4j
2025-11-04 03:27:57.400+0000 INFO  [o.n.k.i.s.f.RecordFormatSelector] [neo4j/c43735b2] Selected format from the store files: RecordFormat:PageAlignedV5_0[aligned-1.1]
2025-11-04 03:27:57.852+0000 INFO  [o.n.k.d.Database] [neo4j/c43735b2] Transaction logs recovery is required with the last check point (which points to LogPosition{logVersion=0, byteOffset=3238}, oldest log entry to recover LogPosition{logVersion=0, byteOffset=3238}). First observed post checkpoint append index: 4.
2025-11-04 03:27:57.908+0000 INFO  [o.n.k.d.Database] [neo4j/c43735b2] Recovery required from position LogPosition{logVersion=0, byteOffset=3238}
2025-11-04 03:27:57.925+0000 INFO  [o.n.k.r.Recovery] [neo4j/c43735b2] TransactionLogsRecovery
2025-11-04 03:27:57.938+0000 INFO  [o.n.k.r.Recovery] [neo4j/c43735b2]  10% completed
2025-11-04 03:27:57.939+0000 INFO  [o.n.k.r.Recovery] [neo4j/c43735b2]  20% completed
2025-11-04 03:27:57.940+0000 INFO  [o.n.k.r.Recovery] [neo4j/c43735b2]  30% completed
2025-11-04 03:27:57.941+0000 INFO  [o.n.k.r.Recovery] [neo4j/c43735b2]  40% completed
2025-11-04 03:27:57.941+0000 INFO  [o.n.k.r.Recovery] [neo4j/c43735b2]  50% completed
2025-11-04 03:27:57.982+0000 INFO  [o.n.k.i.i.s.TokenIndexProvider] [neo4j/c43735b2] Schema index cleanup job registered: descriptor=Index( id=1, name='index_343aff4e', type='LOOKUP', schema=(:<any-labels>), indexProvider='token-lookup-1.0' ), indexFile=/data/databases/neo4j/schema/index/token-lookup-1.0/1/index-1
2025-11-04 03:27:57.982+0000 INFO  [o.n.k.i.i.s.TokenIndexProvider] [neo4j/c43735b2] Schema index cleanup job registered: descriptor=Index( id=1, name='index_343aff4e', type='LOOKUP', schema=(:<any-labels>), indexProvider='token-lookup-1.0' ), indexFile=/data/databases/neo4j/schema/index/token-lookup-1.0/1/index-1
2025-11-04 03:27:57.983+0000 INFO  [o.n.k.i.i.s.TokenIndexProvider] [neo4j/c43735b2] Schema index cleanup job started: descriptor=Index( id=1, name='index_343aff4e', type='LOOKUP', schema=(:<any-labels>), indexProvider='token-lookup-1.0' ), indexFile=/data/databases/neo4j/schema/index/token-lookup-1.0/1/index-1
2025-11-04 03:27:57.983+0000 INFO  [o.n.k.i.i.s.TokenIndexProvider] [neo4j/c43735b2] Schema index cleanup job started: descriptor=Index( id=1, name='index_343aff4e', type='LOOKUP', schema=(:<any-labels>), indexProvider='token-lookup-1.0' ), indexFile=/data/databases/neo4j/schema/index/token-lookup-1.0/1/index-1
2025-11-04 03:27:57.985+0000 INFO  [o.n.k.i.i.s.TokenIndexProvider] [neo4j/c43735b2] Schema index cleanup job finished: descriptor=Index( id=1, name='index_343aff4e', type='LOOKUP', schema=(:<any-labels>), indexProvider='token-lookup-1.0' ), indexFile=/data/databases/neo4j/schema/index/token-lookup-1.0/1/index-1 Number of pages visited: 2, Number of tree nodes: 1, Number of cleaned crashed pointers: 0, Time spent: 1ms
2025-11-04 03:27:57.986+0000 INFO  [o.n.k.i.i.s.TokenIndexProvider] [neo4j/c43735b2] Schema index cleanup job finished: descriptor=Index( id=1, name='index_343aff4e', type='LOOKUP', schema=(:<any-labels>), indexProvider='token-lookup-1.0' ), indexFile=/data/databases/neo4j/schema/index/token-lookup-1.0/1/index-1 Number of pages visited: 2, Number of tree nodes: 1, Number of cleaned crashed pointers: 0, Time spent: 1ms
2025-11-04 03:27:57.986+0000 INFO  [o.n.k.i.i.s.TokenIndexProvider] [neo4j/c43735b2] Schema index cleanup job closed: descriptor=Index( id=1, name='index_343aff4e', type='LOOKUP', schema=(:<any-labels>), indexProvider='token-lookup-1.0' ), indexFile=/data/databases/neo4j/schema/index/token-lookup-1.0/1/index-1
2025-11-04 03:27:57.987+0000 INFO  [o.n.k.i.i.s.TokenIndexProvider] [neo4j/c43735b2] Schema index cleanup job closed: descriptor=Index( id=1, name='index_343aff4e', type='LOOKUP', schema=(:<any-labels>), indexProvider='token-lookup-1.0' ), indexFile=/data/databases/neo4j/schema/index/token-lookup-1.0/1/index-1
2025-11-04 03:27:58.042+0000 INFO  [o.n.k.i.i.s.TokenIndexProvider] [neo4j/c43735b2] Schema index cleanup job registered: descriptor=Index( id=2, name='index_f7700477', type='LOOKUP', schema=()-[:<any-types>]-(), indexProvider='token-lookup-1.0' ), indexFile=/data/databases/neo4j/schema/index/token-lookup-1.0/2/index-2
2025-11-04 03:27:58.045+0000 INFO  [o.n.k.i.i.s.TokenIndexProvider] [neo4j/c43735b2] Schema index cleanup job registered: descriptor=Index( id=2, name='index_f7700477', type='LOOKUP', schema=()-[:<any-types>]-(), indexProvider='token-lookup-1.0' ), indexFile=/data/databases/neo4j/schema/index/token-lookup-1.0/2/index-2
2025-11-04 03:27:58.048+0000 INFO  [o.n.k.i.i.s.TokenIndexProvider] [neo4j/c43735b2] Schema index cleanup job started: descriptor=Index( id=2, name='index_f7700477', type='LOOKUP', schema=()-[:<any-types>]-(), indexProvider='token-lookup-1.0' ), indexFile=/data/databases/neo4j/schema/index/token-lookup-1.0/2/index-2
2025-11-04 03:27:58.048+0000 INFO  [o.n.k.i.a.i.IndexingService] [neo4j/c43735b2] IndexingService.init: indexes not specifically mentioned above are ONLINE. Total 2 indexes. Processed in 103ms
2025-11-04 03:27:58.051+0000 INFO  [o.n.k.i.i.s.TokenIndexProvider] [neo4j/c43735b2] Schema index cleanup job started: descriptor=Index( id=2, name='index_f7700477', type='LOOKUP', schema=()-[:<any-types>]-(), indexProvider='token-lookup-1.0' ), indexFile=/data/databases/neo4j/schema/index/token-lookup-1.0/2/index-2
2025-11-04 03:27:58.060+0000 INFO  [o.n.k.i.i.s.TokenIndexProvider] [neo4j/c43735b2] Schema index cleanup job finished: descriptor=Index( id=2, name='index_f7700477', type='LOOKUP', schema=()-[:<any-types>]-(), indexProvider='token-lookup-1.0' ), indexFile=/data/databases/neo4j/schema/index/token-lookup-1.0/2/index-2 Number of pages visited: 2, Number of tree nodes: 1, Number of cleaned crashed pointers: 0, Time spent: 5ms
2025-11-04 03:27:58.061+0000 INFO  [o.n.k.i.i.s.TokenIndexProvider] [neo4j/c43735b2] Schema index cleanup job finished: descriptor=Index( id=2, name='index_f7700477', type='LOOKUP', schema=()-[:<any-types>]-(), indexProvider='token-lookup-1.0' ), indexFile=/data/databases/neo4j/schema/index/token-lookup-1.0/2/index-2 Number of pages visited: 2, Number of tree nodes: 1, Number of cleaned crashed pointers: 0, Time spent: 5ms
2025-11-04 03:27:58.063+0000 INFO  [o.n.k.i.i.s.TokenIndexProvider] [neo4j/c43735b2] Schema index cleanup job closed: descriptor=Index( id=2, name='index_f7700477', type='LOOKUP', schema=()-[:<any-types>]-(), indexProvider='token-lookup-1.0' ), indexFile=/data/databases/neo4j/schema/index/token-lookup-1.0/2/index-2
2025-11-04 03:27:58.066+0000 INFO  [o.n.k.i.i.s.TokenIndexProvider] [neo4j/c43735b2] Schema index cleanup job closed: descriptor=Index( id=2, name='index_f7700477', type='LOOKUP', schema=()-[:<any-types>]-(), indexProvider='token-lookup-1.0' ), indexFile=/data/databases/neo4j/schema/index/token-lookup-1.0/2/index-2
2025-11-04 03:27:58.085+0000 INFO  [o.n.k.r.Recovery] [neo4j/c43735b2]  60% completed
2025-11-04 03:27:58.087+0000 INFO  [o.n.k.r.Recovery] [neo4j/c43735b2]  70% completed
2025-11-04 03:27:58.099+0000 INFO  [o.n.k.r.Recovery] [neo4j/c43735b2]  80% completed
2025-11-04 03:27:58.102+0000 INFO  [o.n.k.r.Recovery] [neo4j/c43735b2]  90% completed
2025-11-04 03:27:58.102+0000 INFO  [o.n.k.r.Recovery] [neo4j/c43735b2] 100% completed
2025-11-04 03:28:05.282+0000 INFO  [o.n.k.d.Database] [neo4j/c43735b2] Recovery in 'full' mode completed. Observed transactions range [first:4, last:7]: 4 transactions applied, 0 not completed transactions rolled back, skipped applying 0 previously rolled back transactions. Time spent: 7s 429ms.
2025-11-04 03:28:05.297+0000 INFO  [o.n.k.i.a.i.IndexingService] [neo4j/c43735b2] IndexingService.start: indexes not specifically mentioned above are ONLINE. Total 2 indexes. Processed in 0ms
2025-11-04 03:28:05.300+0000 INFO  [o.n.k.i.t.l.c.CheckPointerImpl] [neo4j/c43735b2] Checkpoint triggered by "Recovery completed." @ txId: 7, append index: 7 checkpoint started...
2025-11-04 03:28:05.582+0000 INFO  [o.n.k.i.t.l.c.CheckPointerImpl] [neo4j/c43735b2] Checkpoint triggered by "Recovery completed." @ txId: 7, append index: 7 checkpoint completed in 281ms. Checkpoint flushed 51 pages (0% of total available pages), in 50 IOs. Checkpoint performed with IO limit: unlimited, paused in total 0 times( 0 millis).
2025-11-04 03:28:05.585+0000 INFO  [o.n.k.i.t.l.p.LogPruningImpl] [neo4j/c43735b2] No log version pruned. The strategy used was '2 days 2147483648 size'. 
2025-11-04 03:28:05.812+0000 INFO  [o.n.k.i.t.l.f.c.CheckpointLogFile] [neo4j/c43735b2] Scanning log file with version 0 for checkpoint entries
2025-11-04 03:28:05.838+0000 INFO  [o.n.k.i.s.f.RecordFormatSelector] [neo4j/c43735b2] Selected RecordFormat:PageAlignedV5_0[aligned-1.1] record format from store /data/databases/neo4j
2025-11-04 03:28:05.838+0000 INFO  [o.n.k.i.s.f.RecordFormatSelector] [neo4j/c43735b2] Selected format from the store files: RecordFormat:PageAlignedV5_0[aligned-1.1]
2025-11-04 03:28:06.173+0000 INFO  [o.n.i.d.DiagnosticsManager] [neo4j/c43735b2] 
                                                                [neo4j/c43735b2] ********************************************************************************
                                                                [neo4j/c43735b2]                               [ Database: neo4j ]                               
                                                                [neo4j/c43735b2] ********************************************************************************
                                                                [neo4j/c43735b2] --------------------------------------------------------------------------------
                                                                [neo4j/c43735b2]                                   [ Version ]                                   
                                                                [neo4j/c43735b2] --------------------------------------------------------------------------------
                                                                [neo4j/c43735b2] DBMS: community record-aligned-1.1
                                                                [neo4j/c43735b2] Kernel version: 5.26.15
                                                                [neo4j/c43735b2] 
                                                                [neo4j/c43735b2] --------------------------------------------------------------------------------
                                                                [neo4j/c43735b2]                                 [ Store files ]                                 
                                                                [neo4j/c43735b2] --------------------------------------------------------------------------------
                                                                [neo4j/c43735b2] Disk space on partition (Total / Free / Free %): 12000119746560 / 5362276741120 / 44
                                                                [neo4j/c43735b2] Storage files stored on file store: 9p
                                                                [neo4j/c43735b2] Storage files: (filename : modification date - size)
                                                                [neo4j/c43735b2]   database_lock: 2025-11-02 22:22:38.078+0000 - 0B
                                                                [neo4j/c43735b2]   id-buffer.tmp.0: 2025-11-03 21:36:19.440+0000 - 117B
                                                                [neo4j/c43735b2]   neostore: 2025-11-02 22:22:38.003+0000 - 8.000KiB
                                                                [neo4j/c43735b2]   neostore.counts.db: 2025-11-04 03:28:06.019+0000 - 40.00KiB
                                                                [neo4j/c43735b2]   neostore.indexstats.db: 2025-11-04 03:28:06.046+0000 - 48.00KiB
                                                                [neo4j/c43735b2]   neostore.labeltokenstore.db: 2025-11-04 03:28:05.527+0000 - 8.000KiB
                                                                [neo4j/c43735b2]   neostore.labeltokenstore.db.id: 2025-11-04 03:28:05.973+0000 - 40.00KiB
                                                                [neo4j/c43735b2]   neostore.labeltokenstore.db.names: 2025-11-04 03:28:05.567+0000 - 8.000KiB
                                                                [neo4j/c43735b2]   neostore.labeltokenstore.db.names.id: 2025-11-04 03:28:05.960+0000 - 40.00KiB
                                                                [neo4j/c43735b2]   neostore.nodestore.db: 2025-11-04 03:28:05.550+0000 - 8.000KiB
                                                                [neo4j/c43735b2]   neostore.nodestore.db.id: 2025-11-04 03:28:05.864+0000 - 48.00KiB
                                                                [neo4j/c43735b2]   neostore.nodestore.db.labels: 2025-11-02 22:22:37.894+0000 - 8.000KiB
                                                                [neo4j/c43735b2]   neostore.nodestore.db.labels.id: 2025-11-04 03:28:05.848+0000 - 40.00KiB
                                                                [neo4j/c43735b2]   neostore.propertystore.db: 2025-11-04 03:28:05.536+0000 - 8.000KiB
                                                                [neo4j/c43735b2]   neostore.propertystore.db.arrays: 2025-11-04 03:28:05.554+0000 - 8.000KiB
                                                                [neo4j/c43735b2]   neostore.propertystore.db.arrays.id: 2025-11-04 03:28:05.906+0000 - 48.00KiB
                                                                [neo4j/c43735b2]   neostore.propertystore.db.id: 2025-11-04 03:28:05.916+0000 - 48.00KiB
                                                                [neo4j/c43735b2]   neostore.propertystore.db.index: 2025-11-04 03:28:05.546+0000 - 8.000KiB
                                                                [neo4j/c43735b2]   neostore.propertystore.db.index.id: 2025-11-04 03:28:05.882+0000 - 40.00KiB
                                                                [neo4j/c43735b2]   neostore.propertystore.db.index.keys: 2025-11-04 03:28:05.559+0000 - 8.000KiB
                                                                [neo4j/c43735b2]   neostore.propertystore.db.index.keys.id: 2025-11-04 03:28:05.873+0000 - 40.00KiB
                                                                [neo4j/c43735b2]   neostore.propertystore.db.strings: 2025-11-04 03:28:05.532+0000 - 8.000KiB
                                                                [neo4j/c43735b2]   neostore.propertystore.db.strings.id: 2025-11-04 03:28:05.894+0000 - 48.00KiB
                                                                [neo4j/c43735b2]   neostore.relationshipgroupstore.db: 2025-11-02 22:22:37.995+0000 - 8.000KiB
                                                                [neo4j/c43735b2]   neostore.relationshipgroupstore.db.id: 2025-11-04 03:28:06.003+0000 - 40.00KiB
                                                                [neo4j/c43735b2]   neostore.relationshipgroupstore.degrees.db: 2025-11-04 03:28:06.035+0000 - 40.00KiB
                                                                [neo4j/c43735b2]   neostore.relationshipstore.db: 2025-11-02 22:22:37.949+0000 - 0B
                                                                [neo4j/c43735b2]   neostore.relationshipstore.db.id: 2025-11-04 03:28:05.927+0000 - 40.00KiB
                                                                [neo4j/c43735b2]   neostore.relationshiptypestore.db: 2025-11-02 22:22:37.962+0000 - 0B
                                                                [neo4j/c43735b2]   neostore.relationshiptypestore.db.id: 2025-11-04 03:28:05.948+0000 - 40.00KiB
                                                                [neo4j/c43735b2]   neostore.relationshiptypestore.db.names: 2025-11-02 22:22:37.954+0000 - 8.000KiB
                                                                [neo4j/c43735b2]   neostore.relationshiptypestore.db.names.id: 2025-11-04 03:28:05.938+0000 - 40.00KiB
                                                                [neo4j/c43735b2]   neostore.schemastore.db: 2025-11-02 22:22:51.182+0000 - 8.000KiB
                                                                [neo4j/c43735b2]   neostore.schemastore.db.id: 2025-11-04 03:28:05.985+0000 - 40.00KiB
                                                                [neo4j/c43735b2]   schema:
                                                                [neo4j/c43735b2]     index:
                                                                [neo4j/c43735b2]       token-lookup-1.0:
                                                                [neo4j/c43735b2]         1:
                                                                [neo4j/c43735b2]           index-1: 2025-11-04 03:28:05.590+0000 - 48.00KiB
                                                                [neo4j/c43735b2]         - Total: 2025-11-02 22:22:50.749+0000 - 48.00KiB
                                                                [neo4j/c43735b2]         2:
                                                                [neo4j/c43735b2]           index-2: 2025-11-04 03:28:05.596+0000 - 40.00KiB
                                                                [neo4j/c43735b2]         - Total: 2025-11-02 22:22:50.671+0000 - 40.00KiB
                                                                [neo4j/c43735b2]       - Total: 2025-11-02 22:22:50.745+0000 - 88.00KiB
                                                                [neo4j/c43735b2]     - Total: 2025-11-02 22:22:50.663+0000 - 88.00KiB
                                                                [neo4j/c43735b2]   - Total: 2025-11-02 22:22:50.662+0000 - 88.00KiB
                                                                [neo4j/c43735b2] Storage summary: 
                                                                [neo4j/c43735b2]   Total size of store: 912.1KiB
                                                                [neo4j/c43735b2]   Total size of mapped files: 192.0KiB
                                                                [neo4j/c43735b2] 
                                                                [neo4j/c43735b2] --------------------------------------------------------------------------------
                                                                [neo4j/c43735b2]                               [ Transaction log ]                               
                                                                [neo4j/c43735b2] --------------------------------------------------------------------------------
                                                                [neo4j/c43735b2] Transaction log files stored on file store: 9p
                                                                [neo4j/c43735b2] Transaction log metadata:
                                                                [neo4j/c43735b2]  - current kernel version used in transactions: V5_25
                                                                [neo4j/c43735b2]  - last committed transaction id: 7
                                                                [neo4j/c43735b2] Transaction log files:
                                                                [neo4j/c43735b2]  - existing transaction log versions: 0-0
                                                                [neo4j/c43735b2]  - oldest append index 2 found in log with version 0
                                                                [neo4j/c43735b2]  - files: (filename : creation date - size)
                                                                [neo4j/c43735b2]      neostore.transaction.db.0: 2025-11-03 21:36:19.308+0000 - 256.0MiB
                                                                [neo4j/c43735b2]  - total size of files: 256.0MiB
                                                                [neo4j/c43735b2] Checkpoint log files:
                                                                [neo4j/c43735b2]  - existing checkpoint log versions: 0-0
                                                                [neo4j/c43735b2]  - last checkpoint: CheckpointInfo[oldestNotVisibleTransactionLogPosition=LogPosition{logVersion=0, byteOffset=4894}, transactionLogPosition=LogPosition{logVersion=0, byteOffset=4894}, storeId=StoreId{creationTime=1762122158003, random=8358975501651697958, storageEngineName='record', formatName='aligned', majorVersion=1, minorVersion=1}, checkpointEntryPosition=LogPosition{logVersion=0, byteOffset=592}, channelPositionAfterCheckpoint=LogPosition{logVersion=0, byteOffset=824}, checkpointFilePostReadPosition=LogPosition{logVersion=0, byteOffset=824}, kernelVersion=KernelVersion{V5_25,version=20}, kernelVersionByte=20, transactionId=TransactionId[id=7, appendIndex=7, kernelVersion=KernelVersion{V5_25,version=20}, checksum=1751727940, commitTimestamp=1762205779307, consensusIndex=-1], appendIndex=7, reason=Checkpoint triggered by "Recovery completed." @ txId: 7, append index: 7, consensusIndexInCheckpoint=true]
                                                                [neo4j/c43735b2] 
                                                                [neo4j/c43735b2] --------------------------------------------------------------------------------
                                                                [neo4j/c43735b2]                                   [ Id usage ]                                  
                                                                [neo4j/c43735b2] --------------------------------------------------------------------------------
                                                                [neo4j/c43735b2] ArrayPropertyStore[neostore.nodestore.db.labels]: used=1 high=0
                                                                [neo4j/c43735b2] NodeStore[neostore.nodestore.db]: used=1 high=0
                                                                [neo4j/c43735b2] StringPropertyStore[neostore.propertystore.db.index.keys]: used=26 high=25
                                                                [neo4j/c43735b2] PropertyIndexStore[neostore.propertystore.db.index]: used=16 high=15
                                                                [neo4j/c43735b2] StringPropertyStore[neostore.propertystore.db.strings]: used=2 high=1
                                                                [neo4j/c43735b2] ArrayPropertyStore[neostore.propertystore.db.arrays]: used=2 high=1
                                                                [neo4j/c43735b2] PropertyStore[neostore.propertystore.db]: used=12 high=11
                                                                [neo4j/c43735b2] RelationshipStore[neostore.relationshipstore.db]: used=0 high=-1
                                                                [neo4j/c43735b2] StringPropertyStore[neostore.relationshiptypestore.db.names]: used=1 high=0
                                                                [neo4j/c43735b2] RelationshipTypeStore[neostore.relationshiptypestore.db]: used=0 high=-1
                                                                [neo4j/c43735b2] StringPropertyStore[neostore.labeltokenstore.db.names]: used=2 high=1
                                                                [neo4j/c43735b2] LabelTokenStore[neostore.labeltokenstore.db]: used=1 high=0
                                                                [neo4j/c43735b2] SchemaStore[neostore.schemastore.db]: used=3 high=2
                                                                [neo4j/c43735b2] RelationshipGroupStore[neostore.relationshipgroupstore.db]: used=1 high=0
                                                                [neo4j/c43735b2] NeoStore[neostore]: used=-1 high=-1
                                                                [neo4j/c43735b2] 
                                                                [neo4j/c43735b2] --------------------------------------------------------------------------------
                                                                [neo4j/c43735b2]                                   [ Metadata ]                                  
                                                                [neo4j/c43735b2] --------------------------------------------------------------------------------
                                                                [neo4j/c43735b2] EXTERNAL_STORE_UUID (Database identifier exposed as external store identity. Generated on creation and never updated): ad8e4bd3-9809-440f-bc2b-4c1d222d547e
                                                                [neo4j/c43735b2] DATABASE_ID (The last used DatabaseId for this database): null
                                                                [neo4j/c43735b2] LEGACY_STORE_VERSION (Legacy store format version. This field is used from 5.0 onwards only to distinguish non-migrated pre 5.0 metadata stores.): -3523014627327384477
                                                                [neo4j/c43735b2] STORE_ID (Store ID): StoreId{creationTime=1762122158003, random=8358975501651697958, storageEngineName='record', formatName='aligned', majorVersion=1, minorVersion=1}
                                                                [neo4j/c43735b2] 
2025-11-04 03:28:06.225+0000 INFO  [o.n.k.i.a.i.IndexingService] [neo4j/c43735b2] IndexingService.init: indexes not specifically mentioned above are ONLINE. Total 2 indexes. Processed in 49ms
2025-11-04 03:28:06.240+0000 INFO  [o.n.k.a.DatabaseAvailabilityGuard] [neo4j/c43735b2] Requirement `Database unavailable` makes database neo4j unavailable.
2025-11-04 03:28:06.241+0000 INFO  [o.n.k.a.DatabaseAvailabilityGuard] [neo4j/c43735b2] DatabaseId{c43735b2[neo4j]} is unavailable.
2025-11-04 03:28:06.250+0000 INFO  [o.n.k.d.Database] [neo4j/c43735b2] Starting transaction log [/data/transactions/neo4j/neostore.transaction.db.0] at version=0
2025-11-04 03:28:06.254+0000 INFO  [o.n.k.d.Database] [neo4j/c43735b2] Starting transaction log [/data/transactions/neo4j/checkpoint.0] at version=0
2025-11-04 03:28:06.261+0000 INFO  [o.n.k.i.t.l.f.c.CheckpointLogFile] [neo4j/c43735b2] Scanning log file with version 0 for checkpoint entries
2025-11-04 03:28:06.273+0000 INFO  [o.n.k.i.a.i.IndexingService] [neo4j/c43735b2] IndexingService.start: indexes not specifically mentioned above are ONLINE. Total 2 indexes. Processed in 0ms
2025-11-04 03:28:06.275+0000 INFO  [o.n.k.a.DatabaseAvailabilityGuard] [neo4j/c43735b2] Fulfilling of requirement 'Database unavailable' makes database neo4j available.
2025-11-04 03:28:06.290+0000 INFO  [o.n.k.a.DatabaseAvailabilityGuard] [neo4j/c43735b2] DatabaseId{c43735b2[neo4j]} is ready.
2025-11-04 03:28:06.292+0000 INFO  [o.n.u.UserDataCollector] Anonymous Usage Data is being sent to Neo4j, see https://neo4j.com/docs/usage-data/
2025-11-04 03:28:06.340+0000 INFO  [o.n.b.p.c.c.n.SocketNettyConnector] Bolt enabled on 0.0.0.0:7687.
2025-11-04 03:28:06.342+0000 WARN  [i.n.b.ServerBootstrap] Unknown channel option 'SO_REUSEADDR' for channel '[id: 0xc16c4871]'
2025-11-04 03:28:06.347+0000 INFO  [o.n.b.BoltServer] Bolt server started
2025-11-04 03:28:06.347+0000 INFO  [o.n.s.A.ServerComponentsLifecycleAdapter] Starting web server
2025-11-04 03:28:07.309+0000 INFO  [o.n.s.CommunityNeoWebServer] HTTP enabled on 0.0.0.0:7474.
2025-11-04 03:28:07.310+0000 INFO  [o.n.s.CommunityNeoWebServer] Remote interface available at http://localhost:7474/
2025-11-04 03:28:07.310+0000 INFO  [o.n.s.A.ServerComponentsLifecycleAdapter] Web server started.
2025-11-04 03:28:07.314+0000 INFO  [o.n.g.f.DatabaseManagementServiceFactory] id: 70DD3A1BBE2B55288858528AA9BCEB554482308142569BCDDA10CECE52E1DC45
2025-11-04 03:28:07.315+0000 INFO  [o.n.g.f.DatabaseManagementServiceFactory] name: system
2025-11-04 03:28:07.315+0000 INFO  [o.n.g.f.DatabaseManagementServiceFactory] creationDate: 2025-11-02T22:22:22.174Z
2025-11-04 03:54:56.245+0000 INFO  [o.n.k.i.t.l.c.CheckPointerImpl] [neo4j/c43735b2] Checkpoint triggered by "Scheduled checkpoint for every 15 minutes threshold" @ txId: 8, append index: 8 checkpoint started...
2025-11-04 03:54:56.450+0000 INFO  [o.n.k.i.t.l.c.CheckPointerImpl] [neo4j/c43735b2] Checkpoint triggered by "Scheduled checkpoint for every 15 minutes threshold" @ txId: 8, append index: 8 checkpoint completed in 203ms. Checkpoint flushed 50 pages (0% of total available pages), in 45 IOs. Checkpoint performed with IO limit: unlimited, paused in total 0 times( 0 millis).
2025-11-04 03:54:56.450+0000 INFO  [o.n.k.i.t.l.p.LogPruningImpl] [neo4j/c43735b2] No log version pruned. The strategy used was '2 days 2147483648 size'. 
2025-11-04 04:07:27.450+0000 INFO  [o.n.g.f.DatabaseManagementServiceFactory] Shutdown started
2025-11-04 04:07:27.474+0000 INFO  [o.n.b.BoltServer] Requested Bolt server shutdown
2025-11-04 04:07:27.477+0000 INFO  [o.n.b.p.c.c.ConnectionRegistry] Stopping remaining idle connections for connector bolt-local
2025-11-04 04:07:27.479+0000 INFO  [o.n.b.p.c.c.ConnectionRegistry] Stopped 0 idling connections for connector bolt-local
2025-11-04 04:07:27.480+0000 INFO  [o.n.b.p.c.c.ConnectionRegistry] Stopping remaining idle connections for connector bolt
2025-11-04 04:07:27.482+0000 INFO  [o.n.b.p.c.c.ConnectionRegistry] Stopped 1 idling connections for connector bolt
2025-11-04 04:07:27.483+0000 INFO  [o.n.d.d.DatabaseLifecycles] Stopping 'DatabaseId{c43735b2[neo4j]}'.
2025-11-04 04:07:27.574+0000 INFO  [o.n.k.a.DatabaseAvailabilityGuard] [neo4j/c43735b2] Requirement `Database unavailable` makes database neo4j unavailable.
2025-11-04 04:07:27.575+0000 INFO  [o.n.k.a.DatabaseAvailabilityGuard] [neo4j/c43735b2] DatabaseId{c43735b2[neo4j]} is unavailable.
2025-11-04 04:07:27.577+0000 INFO  [o.n.k.d.Database] [neo4j/c43735b2] Waiting for closing transactions.
2025-11-04 04:07:27.580+0000 INFO  [o.n.k.d.Database] [neo4j/c43735b2] All transactions are closed.
2025-11-04 04:07:27.580+0000 INFO  [o.n.k.i.t.l.c.CheckPointerImpl] [neo4j/c43735b2] Checkpoint triggered by "Database shutdown" @ txId: 8, append index: 8 checkpoint started...
2025-11-04 04:07:27.723+0000 INFO  [o.n.k.i.t.l.c.CheckPointerImpl] [neo4j/c43735b2] Checkpoint triggered by "Database shutdown" @ txId: 8, append index: 8 checkpoint completed in 142ms. Checkpoint flushed 23 pages (0% of total available pages), in 23 IOs. Checkpoint performed with IO limit: unlimited, paused in total 0 times( 0 millis).
2025-11-04 04:07:27.723+0000 INFO  [o.n.k.i.t.l.p.LogPruningImpl] [neo4j/c43735b2] No log version pruned. The strategy used was '2 days 2147483648 size'. 
2025-11-04 04:07:27.895+0000 INFO  [o.n.d.d.DatabaseLifecycles] Stopped 'DatabaseId{c43735b2[neo4j]}' successfully.
2025-11-04 04:07:27.896+0000 INFO  [o.n.d.d.DatabaseLifecycles] Stopping 'DatabaseId{00000000[system]}'.
2025-11-04 04:07:27.897+0000 INFO  [o.n.k.a.DatabaseAvailabilityGuard] [system/00000000] Requirement `Database unavailable` makes database system unavailable.
2025-11-04 04:07:27.897+0000 INFO  [o.n.k.a.DatabaseAvailabilityGuard] [system/00000000] DatabaseId{00000000[system]} is unavailable.
2025-11-04 04:07:27.899+0000 INFO  [o.n.k.d.Database] [system/00000000] Waiting for closing transactions.
2025-11-04 04:07:27.900+0000 INFO  [o.n.k.d.Database] [system/00000000] All transactions are closed.
2025-11-04 04:07:27.900+0000 INFO  [o.n.k.i.t.l.c.CheckPointerImpl] [system/00000000] Checkpoint triggered by "Database shutdown" @ txId: 41, append index: 41 checkpoint started...
2025-11-04 04:07:28.231+0000 INFO  [o.n.k.i.t.l.c.CheckPointerImpl] [system/00000000] Checkpoint triggered by "Database shutdown" @ txId: 41, append index: 41 checkpoint completed in 330ms. Checkpoint flushed 28 pages (0% of total available pages), in 27 IOs. Checkpoint performed with IO limit: unlimited, paused in total 0 times( 0 millis).
2025-11-04 04:07:28.232+0000 INFO  [o.n.k.i.t.l.p.LogPruningImpl] [system/00000000] No log version pruned. The strategy used was '2 days 2147483648 size'. 
2025-11-04 04:07:28.433+0000 INFO  [o.n.d.d.DatabaseLifecycles] Stopped 'DatabaseId{00000000[system]}' successfully.
2025-11-04 04:07:28.436+0000 INFO  [o.n.b.BoltServer] Shutting down Bolt server
2025-11-04 04:07:33.470+0000 INFO  [o.n.b.p.c.c.ConnectionRegistry] Stopping 0 connections for connector bolt-local
2025-11-04 04:07:33.471+0000 INFO  [o.n.b.p.c.c.ConnectionRegistry] Stopped all remaining connections for connector bolt-local
2025-11-04 04:07:33.471+0000 INFO  [o.n.b.p.c.c.ConnectionRegistry] Stopping 0 connections for connector bolt
2025-11-04 04:07:33.472+0000 INFO  [o.n.b.p.c.c.ConnectionRegistry] Stopped all remaining connections for connector bolt
